Gender,Bust,UnderBust,Waist,Hip,NeckGirth,InsideLeg,Shoulder,BodyHeight
Female,81.4,71.4,65.1,82.8,29.7,69.5,34.3,149.1
Female,83.4,75.4,65.1,82.8,29.7,69.5,35.3,149.1
Female,83.4,75.4,65.1,85.4,29.7,69.5,34.9,149.1
Female,84.8,76.9,65.1,85.4,29.7,69.5,34.9,149.1
Female,84.8,76.9,69.1,88.3,29.7,69.5,34.9,149.1
Female,85.9,78.5,72.3,91.3,30.3,69.5,34.9,149.1
Female,86.6,79.5,76.3,91.3,30.3,69.5,34.9,149.1
Female,88.3,82.1,76.2,91.3,30.3,69.5,34.9,149.1
Female,88.3,82.1,76.2,95.1,30.3,69.5,34.9,149.1
Female,91.4,82.1,78.2,97.6,30.3,69.5,34.9,149.1
Female,94.3,85.9,78.2,97.6,32.1,69.5,37.1,149.1
Female,95.6,88.5,84.5,99.5,32.1,69.5,37.1,149.1
Female,96.7,89.9,87.3,102.5,32.1,69.5,37.1,149.1
Female,98,89.9,91.2,105.2,32.1,69.5,37.1,149.1
Female,99.3,93.1,96.3,105.2,32.1,69.5,39.1,149.1
Female,100.6,94.5,97.1,108.7,32.1,69.5,39.1,149.1
Female,103.5,97.5,101.8,113.3,32.1,69.5,39.1,149.1
Female,105.5,99.1,109.8,116,32.1,69.5,39.9,149.1
Female,81.2,72.7,68.5,85.1,29.2,72,32.7,152.4
Female,83.5,74.9,68.5,85.1,29.2,72,32.7,152.4
Female,84.6,77.9,72.3,85.1,29.2,72,34.5,152.4
Female,85.7,80.1,72.3,85.1,29.2,72,34.5,152.4
Female,87.7,82.3,72.3,85.1,29.2,72,36.5,152.4
Female,89.4,82.3,77,89.7,31,72,36.5,152.4
Female,90.5,85.5,77,89.7,31,72,37.5,152.4
Female,92.5,85.5,77,92.1,32.3,72,38.3,152.4
Female,94.9,88.5,77,92.1,32.3,72,38.3,152.4
Female,96.5,90.5,80.6,92.1,32.3,72,38.3,152.4
Female,99.1,92.3,80.6,92.1,32.3,72,38.3,152.4
Female,102.2,95.3,92,92.1,32.3,72,39.3,152.4
Female,104.1,96.7,94.7,103.8,32.3,72,38.3,152.4
Female,104.1,96.7,100.3,106.3,32.3,72,38.3,152.4
Female,104.1,96.7,100.3,111.10,32.3,72,38.3,152.4
Female,106.3,100.7,100.3,111.10,32.3,72,38.3,152.4
Female,108.5,101,107.3,114.40,34.3,72,38.3,152.4
Female,110.3,101,107.3,114.40,34.3,72,39.9,152.4
Female,79,70.6,64.8,84.1,29.3,69.2,31.3,156.4
Female,81.1,73.6,64.8,84.1,29.3,69.2,31.3,156.4
Female,81.1,73.3,64.8,84.1,30.6,71.1,32.9,156.4
Female,82.6,76.9,64.8,84.1,30.6,71.1,32.9,156.4
Female,85,80.3,64.8,85.4,30.6,71.1,32.9,156.4
Female,87.7,81.9,74.3,88.6,30.6,71.1,36.7,156.4
Female,90.3,82.1,77,91.6,30.6,71.1,36.7,156.4
Female,91.6,84.3,78.6,94,30.6,71.1,36.7,156.4
Female,93.6,85.1,78.6,94,30.6,71.1,36.7,156.4
Female,93.6,86.1,78.6,96.2,30.6,71.1,36.7,156.4
Female,95.6,88.5,78.6,96.2,31.6,71.1,36.7,156.4
Female,95.6,88.5,83.3,99.5,31.6,71.1,38.5,156.4
Female,96.5,89.5,88.3,101.6,31.6,71.1,38.5,156.4
Female,98.4,90.9,88.3,101.6,31.6,71.1,38.5,156.4
Female,98.4,90.9,92.8,108.2,32.3,71.1,39.5,156.4
Female,100,92.1,92.8,108.2,32.3,71.1,39.5,156.4
Female,100,92.1,99.5,111.4,32.3,71.1,39.5,156.4
Female,101.1,93.3,99.5,111.4,32.3,71.1,39.5,156.4
Female,103.5,95.9,99.5,111.4,32.3,71.1,39.5,156.4
Female,103.5,95.9,105,113.9,32.3,71.1,39.5,156.4
Female,105,97.1,105,113.9,32.3,71.1,40.9,156.4
Female,107,100.3,108.5,116,33.4,71.1,40.9,156.4
Female,108.5,101,108.5,118.5,34,71.1,40.9,156.4
Female,108.5,101,110.9,120.6,34,71.1,40.9,156.4
Female,79,71.9,64,85.6,29.8,69.5,33.3,158.2
Female,83.1,73.3,70.7,82.1,29.8,69.5,33.3,158.2
Female,84.4,80.1,76.6,87.5,30.2,69.5,35.3,158.2
Female,86.8,80.1,76.6,87.5,30.2,69.5,35.3,158.2
Female,87.7,80.1,76.6,89.7,30.2,69.5,35.3,158.2
Female,89.2,81.9,76.6,89.7,30.2,69.5,35.3,158.2
Female,89.2,81.9,76.6,92.4,30.2,69.5,35.3,158.2
Female,91,82.7,76.6,92.4,30.2,69.5,35.3,158.2
Female,92.5,84.3,81,95.1,30.2,69.5,35.3,158.2
Female,93.6,85.9,83.3,101.1,32.3,69.5,37.1,158.2
Female,95.4,88.7,85.3,101.1,32.3,69.5,37.1,158.2
Female,97.1,89.5,85.3,101.1,32.3,69.5,37.1,158.2
Female,99.1,92.3,89.2,101.1,32.3,69.5,37.1,158.2
Female,99.1,92.3,89.2,103.8,32.3,69.5,37.1,158.2
Female,101.5,95.5,89.2,103.8,32.3,69.5,37.1,158.2
Female,102.8,96.3,89.2,103.8,32.3,69.5,37.1,158.2
Female,102.8,96.3,93.6,107.1,33.3,69.5,39.1,158.2
Female,105,98.5,97.9,110.3,34.3,69.5,39.1,158.2
Female,105,98.5,97.9,110.3,34.6,69.5,41.1,158.2
Female,106.3,98.5,102.2,113.3,34.6,69.5,41.1,158.2
Female,107.9,99.5,103,113.6,34.6,69.5,41.1,158.2
Female,107.9,99.5,107,117.1,35.5,69.5,41.1,158.2
Female,109.9,99.9,108.5,118.2,35.5,69.5,41.7,158.2
Female,110.5,99.9,109.3,118.5,35.5,69.5,42.7,158.2
Female,110.5,100.7,111.3,120.4,35.5,69.5,42.7,158.2
Female,111.4,100.7,111.3,120.4,36.5,69.5,42.7,158.2
Female,112.9,100.7,113,120.4,36.5,69.5,42.7,158.2
Female,80.2,73.1,65,87,30.1,70.3,33.5,160.7
Female,81.3,73.7,65,85.4,30.1,70.3,33.5,160.7
Female,81.3,73.7,77,85.4,30.1,70.3,33.5,160.7
Female,83.3,75.3,77,86.5,30.1,70.3,33.5,160.7
Female,85,77.9,80.2,86.5,30.1,70.3,33.5,160.7
Female,86.6,81.1,80.2,86.5,30.1,70.3,33.5,160.7
Female,89.4,83.1,80.2,86.5,30.1,70.3,33.5,160.7
Female,91.2,86.5,83.3,86.5,31,70.3,37.5,160.7
Female,93.8,86.5,83.3,96.2,31,70.3,37.7,160.7
Female,93.8,86.5,83.3,99.2,32.5,70.3,37.7,160.7
Female,95.8,90.1,83.3,99.2,32.5,70.3,37.7,160.7
Female,95.8,90.1,88,100.8,33.1,70.3,38.7,160.7
Female,98,91.9,88,105.2,33.1,70.3,38.7,160.7
Female,99.1,92.5,88,105.2,33.1,70.3,38.7,160.7
Female,99.1,92.5,91.2,105.2,33.1,70.3,38.7,160.7
Female,101.5,94.9,91.2,105.2,33.1,70.3,38.7,160.7
Female,104.4,97.3,91.2,105.2,33.1,70.3,42.3,160.7
Female,105.7,97.9,95.1,109.8,35.5,70.3,42.3,160.7
Female,107.7,100.1,95.1,109.8,35.5,70.3,43.3,160.7
Female,109.6,101,95.1,109.8,35.5,70.3,43.3,160.7
Female,109.6,101,103,113,35.1,70.3,43.3,160.7
Female,109.6,101,107.4,117.4,35.1,70.3,43.3,160.7
Female,109.6,101,110.1,120.4,35.1,70.3,43.3,160.7
Female,111,101,110.1,120.4,35.1,70.3,43.3,160.7
Female,112.3,101,110.1,120.4,35.1,70.3,43.3,160.7
Female,112.3,101,113,120.4,37.1,70.3,44,160.7
Female,81.3,74.1,67.6,85.1,30.5,71.3,35.9,162.9
Female,84.2,78.3,67.6,85.1,30.5,71.3,35.9,162.9
Female,85.9,81.1,67.6,85.1,30.5,71.3,35.9,162.9
Female,85.9,81.1,67.6,89.4,30.5,71.3,35.9,162.9
Female,87.4,83.5,67.6,89.4,30.5,71.3,35.9,162.9
Female,89.4,85.1,77.6,92.4,30.5,71.3,35.9,162.9
Female,91.2,87.1,82.1,94.3,30.5,71.3,35.9,162.9
Female,92.9,87.1,87.3,94.3,30.5,71.3,38.1,162.9
Female,95.6,88.3,88.8,94.3,30.5,71.3,38.1,162.9
Female,97.6,91.7,91.2,94.3,30.5,71.3,38.1,162.9
Female,97.6,91.7,91.2,103.8,30.5,71.3,38.1,162.9
Female,101.3,92.9,91.2,103.8,30.5,71.3,38.1,162.9
Female,101.3,92.9,93.6,108.2,30.5,71.3,39.1,162.9
Female,103.5,95.9,94.4,108.2,30.5,71.3,39.1,162.9
Female,104.1,95.9,99.4,108.2,32.5,71.3,39.1,162.9
Female,106.1,98.5,99.9,108.2,32.5,71.3,39.1,162.9
Female,107.9,100.3,99.9,108.2,32.5,71.3,40.7,162.9
Female,107.9,100.3,103.4,112.8,33.2,71.3,42.7,162.9
Female,109.4,100.3,107,114.8,33.2,71.3,42.7,162.9
Female,109.4,100.3,110.9,118.5,33.2,71.3,42.7,162.9
Female,111,100.3,110.9,119.6,34.2,71.3,44.1,162.9
Female,112.7,100.5,113,121,34.7,71.3,44.1,162.9
Female,112.7,100.5,113,121,37.7,71.3,44.5,162.9
Female,82.8,75.4,67.1,89.7,31,72.5,36.9,165.8
Female,80.6,73.1,67.1,89.7,31,72.5,36.9,165.8
Female,79,71.5,69.5,81.6,31,72.5,36.9,165.8
Female,83.1,70,69.5,81.6,31,72.5,36.9,165.8
Female,86.8,75.5,69.5,87,31,72.5,36.9,165.8
Female,86.8,77.9,69.5,90.8,31,72.5,36.9,165.8
Female,88.5,81.9,69.5,90.8,31,72.5,38.1,165.8
Female,88.5,81.9,73.9,94.9,31,72.5,38.1,165.8
Female,89.2,84.3,73.9,94.9,31,72.5,38.1,165.8
Female,91.2,86.1,80.2,99.5,31,72.5,39.1,165.8
Female,94.7,86.1,80.2,99.5,31,72.5,39.1,165.8
Female,97.6,88.1,83.2,101.9,31,72.5,39.1,165.8
Female,100,90.7,83.2,101.9,31,72.5,39.1,165.8
Female,103,93.9,90.4,106.8,32.4,72.5,40.9,165.8
Female,107.2,97.1,90.4,106.8,32.4,72.5,40.9,165.8
Female,107.2,97.1,95.9,113.3,36.2,72.5,44.9,165.8
Female,109.6,99.3,101.1,113.3,36.2,72.5,44.9,165.8
Female,109.6,99.3,104.6,117.1,36.2,72.5,44.9,165.8
Female,109.6,99.3,109.3,117.1,37.4,72.5,45.5,165.8
Female,111.6,101,109.7,119.6,37.4,72.5,45.5,165.8
Female,111.6,101,109.7,119.6,39.8,72.5,45.5,165.8
Female,83.8,76.2,68.4,85.9,31.5,74.6,37.7,168.3
Female,80.2,73.3,68.4,81.8,31.5,74.6,36.9,168.3
Female,83.3,73.9,68.4,81.8,31.5,74.6,36.9,168.3
Female,83.3,73.9,75,87.5,31.5,74.6,36.9,168.3
Female,85.7,76.7,75,88.9,31.5,74.6,36.9,168.3
Female,87.4,76.7,75,91.1,31.5,74.6,36.9,168.3
Female,88.5,77.9,75,91.1,31.5,74.6,36.9,168.3
Female,88.5,77.9,75,94.6,31.5,74.6,36.9,168.3
Female,90.3,79.5,75,94.6,31.5,74.6,36.9,168.3
Female,90.3,79.5,75,94.6,32.3,74.6,39.7,168.3
Female,92.1,82.5,75,94.6,32.3,74.6,39.7,168.3
Female,94.7,85.7,81.7,99.5,32.3,74.6,39.7,168.3
Female,96,88.3,81.7,99.5,33.1,74.6,41.7,168.3
Female,97.6,90.7,84.9,102.5,33.1,74.6,41.7,168.3
Female,97.6,90.7,87.7,103,33.1,74.6,41.7,168.3
Female,99.5,92.3,90.4,105.2,33.1,74.6,41.7,168.3
Female,99.5,92.3,96.3,111.7,33.1,74.6,41.7,168.3
Female,101.5,94.1,96.3,111.7,33.1,74.6,41.7,168.3
Female,103,96.9,96.3,111.7,33.1,74.6,41.7,168.3
Female,104.1,98.7,96.3,111.7,34.1,74.6,43.3,168.3
Female,105.5,99.7,100.7,114.4,35.5,74.6,43.3,168.3
Female,107.7,99.7,103,114.4,35.5,74.6,43.3,168.3
Female,109.6,99.7,103,114.4,35.5,74.6,43.3,168.3
Female,111.4,101,106.3,118.2,36.8,74.6,43.3,168.3
Female,111.4,101,110.9,120.3,36.8,74.6,43.3,168.3
Female,82,75.1,62.8,87.5,32,75.8,38.5,170.9
Female,83.9,78.5,75.8,87.5,32,75.8,38.5,170.9
Female,85.9,78.5,75.8,87.5,32,75.8,39.9,170.9
Female,87.4,80.9,75.8,87.5,32,75.8,39.9,170.9
Female,89.9,84.9,75.8,87.5,32,75.8,39.9,170.9
Female,89.9,84.9,75.8,95.9,34.3,75.8,39.9,170.9
Female,89.9,84.9,85.3,95.9,34.3,75.8,39.9,170.9
Female,92.5,84.9,85.3,95.9,34.3,75.8,39.9,170.9
Female,95.1,87.5,85.3,95.9,34.3,75.8,39.9,170.9
Female,97.3,90.3,85.3,99.5,34.3,75.8,39.9,170.9
Female,101.3,94.7,92,106.5,34.3,75.8,39.9,170.9
Female,101.3,94.7,97.1,113.6,34.3,75.8,39.9,170.9
Female,103.9,97.1,103.8,113.6,34.3,75.8,39.9,170.9
Female,107,98.7,103.8,116.6,34.3,75.8,39.9,170.9
Female,108.8,100.3,108.9,116.6,34.3,75.8,39.9,170.9
Female,110.3,101,111.7,121,34.3,75.8,39.9,170.9
Female,111.4,101,113,121,36.4,75.8,42.5,170.9
Female,112.1,101,113,121,38.9,75.8,43.5,170.9
Male,79,73.7,61.3,79.8,33.3,71,33.5,156.4
Male,79,73.7,57.3,79.8,33.3,71,33.5,156.4
Male,81.1,76.7,58.9,79.8,33.3,71,33.5,156.4
Male,82.2,79.1,58.9,79.8,33.3,71,33.5,156.4
Male,83.9,81.5,58.9,79.8,33.3,71,33.5,156.4
Male,83.9,81.5,66,87.5,33.3,71,33.5,156.4
Male,84.8,83.1,67.9,85.6,33.3,71,33.5,156.4
Male,86.1,83.1,67.9,85.6,33.3,71,33.5,156.4
Male,87.2,83.1,72.3,87.5,33.3,71,33.5,156.4
Male,87.2,83.1,72.3,94,33.3,71,33.5,156.4
Male,89.4,86.5,77.8,94,33.3,71,37.3,156.4
Male,89.4,86.5,81,98.7,34.7,71,38.5,156.4
Male,90.3,88.1,84.5,102.7,34.7,71,38.5,156.4
Male,92.1,89.9,88,106,34.7,71,38.5,156.4
Male,92.1,89.9,91.2,109,34.7,71,38.5,156.4
Male,93.8,92.7,91.2,109,34.7,71,38.5,156.4
Male,94.7,94.5,92.8,109,39.1,71,38.5,156.4
Male,97.3,96.3,97.5,109,39.1,71,38.5,156.4
Male,98.7,96.3,101.1,113.9,39.1,71,37.5,156.4
Male,84.6,82.3,69.9,90.5,34.1,71,37.5,156.4
Male,79.6,76,64.8,82.4,34.1,71,36.5,159.6
Male,80.9,77.5,64.8,82.4,34.1,71,36.5,159.6
Male,80.9,77.5,59.3,79,34.6,71,36.5,159.6
Male,80.9,76.3,58.1,81,34.6,71,34.5,159.6
Male,81.5,77.9,60.5,82.4,34.6,71,34.5,159.6
Male,81.5,77.9,66.4,84.6,34.6,71,34.5,159.6
Male,82.4,79.3,66.4,84.6,34.6,71,34.5,159.6
Male,83.7,81.9,69.9,84.6,36,71,37.7,159.6
Male,83.7,81.9,69.9,89.4,36,71,37.7,159.6
Male,83.7,81.9,71.5,92.1,36,71.3,37.7,159.6
Male,84.2,83.9,72.3,92.1,35.5,71.3,37.7,159.6
Male,83.7,83.1,72.3,93.5,36.6,71.3,39.3,159.6
Male,85.7,83.1,72.3,93.5,36.6,71.3,39.3,159.6
Male,85.7,83.1,73.9,93.8,36.6,71.3,39.3,159.6
Male,87.4,85.1,73.9,93.8,36.6,71.3,39.3,159.6
Male,87.4,85.1,75.4,96.5,36.6,71.3,39.3,159.6
Male,88.4,87.9,75.4,96.5,37.6,71.3,40.3,159.6
Male,90.5,87.9,75.4,96.5,37.6,71.3,40.3,159.6
Male,90.5,87.9,77.8,98.7,37.6,71.3,40.3,159.6
Male,92.1,90.1,77.8,98.7,37.6,71.3,40.3,159.6
Male,92.1,90.1,80.6,102.5,37.6,71.3,41.5,159.6
Male,93.6,91.3,80.6,102.5,37.6,71.3,41.5,159.6
Male,93.6,91.3,83.3,102.5,38.7,71.3,43.3,159.6
Male,93.6,91.3,84.9,108.2,38.7,71.3,43.3,159.6
Male,94.9,92.1,86.5,110.6,38.7,71.3,43.3,159.6
Male,97.3,94.7,86.5,110.6,39.7,71.3,43.3,159.6
Male,92.5,90.7,89.2,110.6,38.5,71.3,43.3,159.6
Male,91,89.3,91.6,112.5,36.7,71.3,38.5,159.6
Male,91.2,89.3,91.6,112.5,36.7,71.3,36.7,159.6
Male,92.1,90.3,95.9,112.5,36.7,71.3,35.7,159.6
Male,93.8,93.1,100.7,116,36.7,71.3,38.7,159.6
Male,93.8,93.1,104.2,120,38.7,71.3,40.7,159.6
Male,98.2,97.7,104.2,120.9,38.7,71.3,40.7,159.6
Male,100,99.7,104.2,120.9,38.7,71.3,44.9,159.6
Male,101.3,101,104.2,120.9,38.7,71.3,43.3,159.6
Male,101.3,101,110.9,120.9,38.7,71.3,43.3,159.6
Male,101.5,101,113,120.9,38.7,71.3,41.3,159.6
Male,102.6,101,113,120.9,42.9,71.3,41.3,159.6
Male,79,70,59.7,80.1,31.2,72.9,29.9,161.1
Male,79,71.7,61.7,81,32.2,72.9,31.2,161.1
Male,80.6,75.7,61.7,81,32.2,72.9,31.2,161.1
Male,80.6,75.7,61.7,84.3,32.2,72.9,33.7,161.1
Male,82,77.5,61.7,84.3,32.2,72.9,33.7,161.1
Male,82,77.5,64.4,84.3,32.2,72.9,33.7,161.1
Male,83.3,78.7,64.4,84.3,32.2,72.9,34.7,161.1
Male,83.3,78.7,65.6,84.3,32.2,72.9,34.7,161.1
Male,83.3,78.7,65.6,85.4,32.2,72.9,34.7,161.1
Male,83.3,78.7,67.6,86.5,33,72.9,36.1,161.1
Male,83.3,78.7,69.1,89.2,33,72.9,36.1,161.1
Male,84.2,80.3,69.1,89.2,33,72.9,36.1,161.1
Male,84.8,80.3,69.1,89.2,34.2,72.8,38.1,161.1
Male,86.8,82.7,71.1,89.2,34.2,72.8,38.1,161.1
Male,86.8,82.7,71.1,93,34.2,72.8,39.1,161.1
Male,88.3,84.9,73.5,95.1,34.2,72.8,39.1,161.1
Male,88.3,84.9,77,97.8,35.2,72.8,40.1,161.1
Male,89.6,86.7,77,97.8,35.2,72.8,40.1,161.1
Male,91.4,87.5,77,97.8,35.2,72.8,40.1,161.1
Male,91.4,87.4,77,97.8,36,72.8,41.1,161.1
Male,92.3,87.5,79,97.8,36,72.8,41.1,161.1
Male,92.9,88.9,79,97.8,36,72.8,41.1,161.1
Male,92.9,88.9,81.7,100.6,36,72.8,41.1,161.1
Male,92.9,88.9,83.7,102.5,36.7,72.8,42.1,161.1
Male,94.3,91.1,83.7,102.5,36.7,72.8,42.1,161.1
Male,95.6,92.3,83.7,102.5,36.7,72.8,42.1,161.1
Male,95.6,92.3,90,104.6,36.7,72.8,42.1,161.1
Male,97.1,94.7,90,104.6,36.7,72.8,43.5,161.1
Male,97.1,94.7,90,106.5,40.3,72.8,43.5,161.1
Male,97.1,94.7,95.1,109.8,41,72.8,43.5,161.1
Male,97.1,94.7,98.3,116.8,41,72.8,41.7,161.1
Male,99.1,97.9,98.3,116.8,41,72.8,40.9,161.1
Male,99.1,97.9,105.4,116.8,41,72.8,40.1,161.1
Male,100.4,99.3,110.4,119.8,42.1,72.8,39.1,161.1
Male,102.6,101,110.5,120.8,38.8,72.8,42.1,161.1
Male,104.4,101,113,120.9,40.5,72.8,48.1,161.1
Male,79,70,60.6,81.3,31.7,74.1,30.3,163.6
Male,79,72,62.2,82,32.3,74.1,31.3,163.6
Male,80.2,75.7,62.2,82,32.3,74.1,31.3,163.6
Male,80.2,75.7,62.2,82,33.2,74.1,33.3,163.6
Male,80.2,75.7,62.2,84.6,33.2,74.1,33.3,163.6
Male,81.5,77.1,62.2,84.6,33.2,74.1,33.3,163.6
Male,82.6,79.1,62.2,84.6,34.4,74.1,35.3,163.6
Male,85,80.3,62.2,84.6,34.4,74.1,35.3,163.6
Male,85,80.3,65.6,86.7,34.4,74.1,35.3,163.6
Male,85,80.3,65.6,88.9,34.4,74.1,36.9,163.6
Male,85,80.3,67.9,90.5,34.4,74.1,37.7,163.6
Male,86.8,82.7,67.9,90.5,34.4,74.1,37.7,163.6
Male,86.8,82.7,71.9,93,34.4,74.1,37.7,163.6
Male,86.8,82.7,74.3,94.9,34.4,74.1,39.3,163.6
Male,88.1,84.3,74.3,94.9,34.4,74.1,40.9,163.6
Male,89.4,86.7,74.3,94.9,35.6,74.1,40.9,163.6
Male,89.4,86.7,77,98.9,35.6,74.1,40.9,163.6
Male,89.4,86.7,79.8,98.9,35.6,74.1,40.9,163.6
Male,89.4,86.7,82.9,102.7,35.6,74.1,40.9,163.6
Male,91.2,88.7,82.9,102.7,36.3,74.1,41.7,163.6
Male,91.2,88.7,87.3,102.7,36.3,74.1,41.7,163.6
Male,92.9,91.3,90.4,106.8,37.2,74.1,41.7,163.6
Male,92.9,91.3,92.4,108.2,37.7,74.1,42.1,163.6
Male,94.7,92.7,92.4,108.2,37.7,74.1,42.1,163.6
Male,94.7,92.7,96.7,110.2,37.7,74.1,42.1,163.6
Male,94.7,92.7,99.1,115.2,37.7,74.1,40.1,163.6
Male,95.6,95.1,99.1,115.2,37.7,74.1,40.1,163.6
Male,96.9,96.3,102.6,115.2,38.9,74.1,40.1,163.6
Male,99.1,98.3,102.6,115.2,40,74.1,40.7,163.6
Male,101.3,99.5,105,116.8,40,74.1,40.7,163.6
Male,101.3,99.5,108.5,119,40,74.1,40.7,163.6
Male,103.5,101,110.9,119,41.7,74.1,41.7,163.6
Male,101.7,101,113,121,42.2,74.1,39.7,163.6
Male,104.1,101,113,121,43.1,74.1,41.1,163.6
Male,79,70.9,61.6,82.6,32.2,75.2,30.8,166.2
Male,79,74.3,60.8,84.8,32.2,75.2,30.8,166.2
Male,80.6,74.3,60.8,84.8,32.2,75.2,32.1,166.2
Male,82.4,77.9,64,88.1,32.2,75.2,32.1,166.2
Male,83.1,78.9,68.7,91.1,32.2,75.2,32.1,166.2
Male,84.4,80.7,68.7,91.1,32.2,75.2,32.1,166.2
Male,84.4,80.7,68.7,91.1,32.2,75.2,33.7,166.2
Male,85.3,80.7,68.7,91.1,32.2,75.2,33.7,166.2
Male,85.3,80.7,78.2,93.5,32.2,75.2,33.7,166.2
Male,85.3,80.7,78.2,93.5,33.1,75.2,35.3,166.2
Male,85.3,80.7,81.3,95.1,33.1,75.2,35.3,166.2
Male,86.8,81.9,81.3,95.1,33.1,75.2,36.5,166.2
Male,86.8,81.9,81.3,95.1,34.5,75.2,36.5,166.2
Male,87.7,83.9,81.3,95.1,34.5,75.2,36.5,166.2
Male,88.8,85.9,81.3,95.1,34.5,75.2,36.5,166.2
Male,90.5,87.5,81.3,95.1,34.5,75.2,36.5,166.2
Male,90.5,87.5,83.3,100.3,34.5,75.2,36.5,166.2
Male,90.5,87.5,86.5,104.1,36,75.2,37.9,166.2
Male,92.5,89.7,86.5,104.1,36,75.2,37.9,166.2
Male,92.5,89.7,86.5,104.1,37.1,75.2,38.7,166.2
Male,93.4,89.7,86.5,104.1,37.1,75.2,38.7,166.2
Male,93.4,89.7,88.8,104.1,37.8,75.2,40.1,166.2
Male,94.9,91.5,91.2,108.2,37.8,75.2,40.1,166.2
Male,94.9,91.5,95.1,111.1,38.8,75.2,41.7,166.2
Male,97.1,93.7,95.1,111.1,38.8,75.2,41.7,166.2
Male,98.2,95.5,95.1,111.1,38.8,75.2,41.7,166.2
Male,99.8,97.3,95.1,111.1,38.8,75.2,41.7,166.2
Male,99.8,97.3,99.5,113.3,41.4,75.2,41.7,166.2
Male,102.2,99.1,102.2,113.3,40.1,75.2,41.7,166.2
Male,103,100.5,105,116.3,40.8,75.2,41.5,166.2
Male,104.4,101,106.6,117.9,40.8,75.2,41.5,166.2
Male,104.4,101,107.8,118.2,41.4,75.2,39.5,166.2
Male,104.8,101,110.5,120.1,41.9,75.2,39.1,166.2
Male,104.8,101,112.5,120.6,39.1,75.2,41.5,166.2
Male,79,71,62.3,83.7,32.6,76.2,31.2,168.3
Male,79,74.9,61.6,82.4,29.8,76.2,30.5,168.3
Male,81.5,77.3,64.4,82.4,31.1,76.2,30.5,168.3
Male,81.5,77.3,64.4,86.5,31.1,76.2,34.3,168.3
Male,81.5,77.3,69.1,88.9,31.1,76.2,34.3,168.3
Male,81.5,77.3,71.5,91.9,31.1,76.2,34.3,168.3
Male,81.5,77.3,71.5,91.9,32.3,76.2,35.3,168.3
Male,82.6,77.9,71.5,91.9,32.7,76.2,36.9,168.3
Male,82.6,77.9,73.9,96.5,32.7,76.2,36.9,168.3
Male,83.3,78.7,73.9,96.5,32.7,76.2,36.9,168.3
Male,83.3,78.7,73.9,96.5,33.1,76.2,37.9,168.3
Male,83.3,78.7,77,96.5,33.1,76.2,37.9,168.3
Male,84.2,79.9,77,96.5,33.1,76.2,37.9,168.3
Male,84.2,79.9,78.6,98.4,33.6,76.2,37.9,168.3
Male,85,80.9,78.6,98.4,33.6,76.2,37.9,168.3
Male,85,80.9,81,100.8,33.6,76.2,37.9,168.3
Male,87.4,84.3,81,100.8,33.6,76.2,37.9,168.3
Male,87.4,84.3,83.3,100.8,34.3,76.2,39.3,168.3
Male,88.5,85.7,83.3,100.8,34.3,76.2,40.9,168.3
Male,88.5,85.7,85.3,103,35.3,76.2,40.9,168.3
Male,89.6,85.7,85.3,103,35.3,76.2,40.9,168.3
Male,91,87.5,85.3,103,35.3,76.2,40.9,168.3
Male,91,87.5,87.3,105.2,35.3,76.2,40.9,168.3
Male,92.7,87.5,87.3,105.2,35.3,76.2,40.9,168.3
Male,92.7,88.9,90.4,105.2,36.1,76.2,42.9,168.3
Male,94,91.1,90.4,105.2,36.1,76.2,42.9,168.3
Male,95.1,92.7,90.4,105.2,36.9,76.2,42.1,168.3
Male,95.1,92.7,92.8,109,36.9,76.2,42.1,168.3
Male,96,92.7,92.8,109,38.5,76.2,39.9,168.3
Male,97.6,94.1,95.9,110.6,38.5,76.2,39.9,168.3
Male,99.3,96.1,95.9,110.6,38.5,76.2,39.9,168.3
Male,99.3,96.1,99.1,113.3,38.5,76.2,39.9,168.3
Male,101.3,98.3,99.1,113.3,38.5,76.2,39.9,168.3
Male,101.3,98.3,103,116,40.5,76.2,39.1,168.3
Male,101.3,98.3,105.4,117.4,41.2,76.2,39.1,168.3
Male,103.5,101,107.8,117.4,39.5,76.2,37.3,168.3
Male,105,101,110.1,119.8,37.2,76.2,38.5,168.3
Male,100.9,101,112.5,119.8,40.5,76.2,36.1,168.3
Male,79,72.7,63.2,84.7,33,77.2,31.6,170.5
Male,79.5,74.9,63.2,84.7,33,77.2,31.6,170.5
Male,80.6,76.7,63.2,84.7,33,77.2,31.6,170.5
Male,80.6,76.7,63.2,84.7,33,77.2,34.1,170.5
Male,80.6,76.7,64,88.6,33,77.2,34.1,170.5
Male,80.6,76.7,66.4,91.1,33,77.2,34.1,170.5
Male,80.6,76.7,66.4,91.1,34.2,77.2,35.1,170.5
Male,81.7,78.1,66.4,91.1,34.2,77.2,35.1,170.5
Male,81.7,78.1,69.1,93.2,34.2,77.2,35.1,170.5
Male,82.6,78.1,69.1,93.2,34.2,77.2,35.1,170.5
Male,82.6,78.1,69.1,93.2,34.9,77.2,36.7,170.5
Male,83.5,79.7,69.1,93.2,34.9,77.2,36.7,170.5
Male,83.5,79.7,69.1,94,35.1,77.2,36.7,170.5
Male,84.2,80.3,69.1,94,35.1,77.2,36.7,170.5
Male,84.8,80.3,69.1,94,35.6,77.2,37.1,170.5
Male,85.7,80.3,69.9,94,35.6,77.2,37.1,170.5
Male,86.6,81.3,69.9,94,35.6,77.2,37.1,170.5
Male,87.7,82.7,69.9,94,35.6,77.2,37.1,170.5
Male,87.7,82.7,70.7,94,36.9,77.2,37.7,170.5
Male,87.7,82.7,73.9,96.2,36.9,77.2,37.7,170.5
Male,87.7,82.7,76.6,98.9,36.9,77.2,37.7,170.5
Male,87.7,82.7,76.6,98.9,37.6,77.2,39.3,170.5
Male,88.5,82.7,76.6,98.9,37.6,77.2,39.3,170.5
Male,88.5,83.6,78.2,98.9,37.6,77.2,39.3,170.5
Male,88.5,83.9,80.2,100.6,37.6,77.2,39.3,170.5
Male,88.5,83.9,80.6,100.6,38.2,77.2,40.1,170.5
Male,88.8,83.9,81.7,100.6,38.2,77.2,40.1,170.5
Male,88.8,84.5,83.3,100.6,38.2,77.2,40.1,170.5
Male,89.4,85.9,83.3,100.6,38.2,77.2,40.1,170.5
Male,90.1,85.9,83.3,100.6,39,77.2,40.7,170.5
Male,91.2,87.7,84.5,100.6,39,77.2,40.7,170.5
Male,91.8,87.7,84.5,100.6,39.3,77.2,41.5,170.5
Male,92.7,87.7,84.5,100.6,39.3,77.2,41.5,170.5
Male,94.7,90.3,84.5,100.6,39.3,77.2,41.5,170.5
Male,95.4,91.3,84.5,100.6,39.3,77.2,41.5,170.5
Male,96.7,92.9,84.5,100.6,39.3,77.2,41.5,170.5
Male,96.7,92.9,84.5,101.9,39.3,77.2,42.1,170.5
Male,98.2,94.7,84.5,101.9,39.3,77.2,42.1,170.5
Male,98.2,94.7,87.3,105.4,39.3,77.2,42.1,170.5
Male,99.8,96.1,90,105.4,39.3,77.2,42.1,170.5
Male,100.6,97.1,92,108.2,39.3,77.2,43.3,170.5
Male,102.4,99.3,92,108.2,39.3,77.2,45.1,170.5
Male,102.4,99.3,92,108.2,41.4,77.2,45.1,170.5
Male,104.1,100.9,92,108.2,41.4,77.2,46.1,170.5
Male,104.1,100.9,96.3,110.1,42.2,77.2,46.1,170.5
Male,99.3,96.1,97.9,112.1,40.5,77.2,43.3,170.5
Male,99.3,96.1,100,112.1,40.5,77.2,43.3,170.5
Male,99.3,96.1,101.8,114.1,39.6,77.2,42.1,170.5
Male,99.3,96.1,106.6,118.2,40,77.2,42.1,170.5
Male,99.3,96.1,108.5,120.1,40,77.2,42.1,170.5
Male,100.3,95.8,99.6,108.7,37.7,76.8,43,170.5
Male,99.1,94.7,98,108.1,37.6,76.5,42.4,170.5
Male,79,73.5,63.8,85.6,33.4,78,31.9,172.3
Male,79,73.5,63.8,85.6,33.9,78,32.3,172.3
Male,79.5,74.7,66.4,85.6,33.9,78,32.3,172.3
Male,79.5,74.7,66.4,90.5,33.9,78,32.3,172.3
Male,79.5,74.7,66.4,92.4,34.1,78,33.3,172.3
Male,80.6,76.9,66.4,92.4,34.1,78,33.3,172.3
Male,80.6,76.9,66.4,92.4,34.1,78,34.7,172.3
Male,82.6,76.9,66.4,92.4,34.1,78,34.7,172.3
Male,82.6,78.1,66.4,92.4,34.1,78,34.7,172.3
Male,84.2,79.5,66.4,92.4,34.1,78,35.3,172.3
Male,84.2,79.5,66.4,94.9,35.3,78,35.3,172.3
Male,84.2,79.5,69.5,94.9,35.3,78,35.3,172.3
Male,83.6,80.2,71.5,92.5,35.9,77,35.5,172.3
Male,84.6,81.9,71.5,92.5,35.9,77,35.5,172.3
Male,84.6,81.9,71.5,92.5,37,77,37.1,172.3
Male,85,81.5,71.8,92.5,37,76.5,36.9,172.3
Male,86.8,82.9,72.7,92.2,37,76.5,36.9,172.3
Male,88.1,84.5,72.7,92.2,37,76.5,36.9,172.3
Male,88.1,84.5,75.8,94,37,76.5,36.9,172.3
Male,89.4,86.3,75.8,94,37,76.5,36.9,172.3
Male,89.4,86.3,78.6,94,37,76.5,36.9,172.3
Male,89.4,86.3,81.7,97.6,37,76.5,36.9,172.3
Male,89.4,86.3,84.1,100,37,76.5,36.9,172.3
Male,89.4,86.3,84.1,100,37.4,76.5,38.1,172.3
Male,90.5,86.3,84.1,100,37.4,76.5,38.1,172.3
Male,90.5,87.5,84.1,100,37.4,76.5,38.1,172.3
Male,91.8,87.5,84.1,100,37.4,76.5,38.1,172.3
Male,91.8,87.5,85.7,100,38.1,76.5,39.5,172.3
Male,92.9,88.5,85.7,100,38.1,76.5,39.5,172.3
Male,92.9,88.5,87.3,102.7,38.1,76.5,39.5,172.3
Male,93.8,89.7,87.3,102.7,38.1,76.5,39.5,172.3
Male,94.7,90.5,87.3,102.7,38.1,76.5,39.5,172.3
Male,96.2,92.3,87.3,102.7,38.1,76.5,39.5,172.3
Male,96,92,87.8,102.2,38.5,76.5,39.7,172.3
Male,97.6,93.9,87.8,102.2,38.5,76.5,39.7,172.3
Male,99.6,95.3,88.8,101.1,39.2,75.6,40.2,172.3
Male,100,95.9,88.8,101.1,39.7,75.6,42.2,172.3
Male,100,95.9,91.2,104.9,39.7,75.6,42.5,172.3
Male,100.3,95.6,92.3,103.9,39.2,76.4,41.4,172.3
Male,101.7,97.5,92.3,103.9,39.2,76.4,41.4,172.3
Male,101.7,97.5,92.3,103.9,40.7,76.4,42.1,172.3
Male,102.6,98.7,92.3,103.9,40.7,76.4,42.1,172.3
Male,103.7,99.1,92.8,103.5,40.1,76.7,42.1,172.3
Male,103.7,99.1,95.9,109,40.1,76.7,42.1,172.3
Male,103.7,99.1,99.9,110.9,41.5,76.7,42.1,172.3
Male,104.8,100.7,102.2,114.7,41.5,76.7,44.1,172.3
Male,105.7,100.7,104.6,118.7,41.5,76.7,44.1,172.3
Male,105.7,100.7,107.6,121,41.5,76.7,44.1,172.3
Female,86,78.3,69.7,93.3,32.3,75.4,35.5,172.3
Female,86,78.3,79.8,93.3,32.3,75.4,35.5,172.3
Female,86.8,79.9,79.8,93.3,34.1,75.4,35.5,172.3
Female,87.3,79.2,79.4,94.1,33.8,76.8,36.2,172.3
Female,87.3,79.2,79.4,97.3,33.8,76.8,36.2,172.3
Female,87.3,79.2,79.4,97.3,33.8,76.8,38.3,172.3
Female,87.3,79.2,79.4,97.3,35.1,76.8,38.3,172.3
Female,87.3,79.2,81.7,98.9,35.1,76.8,38.3,172.3
Female,88.5,81.5,81.7,98.9,35.1,76.8,38.3,172.3
Female,90.5,82.7,83.3,99.7,35.1,76.8,38.3,172.3
Female,90.5,82.7,83.3,101.6,35.1,76.8,39.5,172.3
Female,91.6,83.5,83.3,101.6,35.1,76.8,39.5,172.3
Female,91.6,83.5,83.3,101.6,36.4,76.8,39.5,172.3
Female,92.7,83.5,83.3,101.6,36.4,76.8,40.1,172.3
Female,94.7,85.3,83.3,101.6,36.4,76.8,40.1,172.3
Female,94.7,85.3,86.5,103.8,36.4,76.8,40.1,172.3
Female,95.8,86.3,86.5,103.8,36.4,76.8,40.1,172.3
Female,96.9,87.5,86.5,103.8,36.4,76.8,40.1,172.3
Female,98.7,87.5,86.5,103.8,36.4,76.8,40.1,172.3
Female,100,88.9,86.5,103.8,36.4,76.8,40.1,172.3
Female,100,88.9,89.6,105.7,36.8,76.8,40.1,172.3
Female,100,88.9,89.6,105.7,38.4,76.8,41.3,172.3
Female,100.4,91.5,89.6,105.7,39.5,76.8,42.9,172.3
Female,100.4,91.5,92.8,107.9,39.5,76.8,42.9,172.3
Female,100.4,91.5,97.9,113.3,39.5,76.8,42.9,172.3
Female,101.9,93.3,97.9,113.3,39.5,76.8,42.9,172.3
Female,101.9,93.3,100.7,113.3,39.5,76.8,42.9,172.3
Female,102.6,94.7,100.7,113.3,39.5,76.8,43.3,172.3
Female,104.4,96.3,100.7,113.3,40.4,76.8,43.3,172.3
Female,104.4,96.3,103.4,113.3,40.4,76.8,43.3,172.3
Female,106.3,97.7,103.4,113.3,40.4,76.8,43.3,172.3
Female,106.3,97.7,106.2,115.8,41.4,76.8,43.3,172.3
Female,106.3,98.1,108.5,116.3,41.4,76.8,43.3,172.3
Female,108.8,100.3,108.5,116.3,41.4,76.8,43.3,172.3
Female,109.9,101,108.5,116.3,41.4,76.8,43.3,172.3
Female,109.9,101,112.5,118.2,42.3,76.8,43.9,172.3
Female,112.3,101,112.5,118.2,42.3,76.8,43.9,172.3
Female,112.9,101,112.5,119.6,43.4,76.8,44.9,172.3
Female,84.9,76.4,72.4,94.8,32.4,77,36.6,174.8
Female,83.2,76.9,72.7,84.1,32.4,77,36.6,174.8
Female,84.4,77.5,72.7,86.2,33.1,77,36.6,174.8
Female,84.6,78.9,74.6,87,33.1,77,37.6,174.8
Female,87.7,78.2,75.2,93.2,32.6,77,37,174.8
Female,88.5,78.7,75.2,93.2,32.6,77,37,174.8
Female,89.6,80.7,75.2,93.2,32.6,77,37,174.8
Female,89.6,80.7,80.6,93.2,32.6,77,37,174.8
Female,89.6,80.7,80.6,100.6,32.6,77,37,174.8
Female,89.6,80.7,80.6,97.8,32.6,77,37,174.8
Female,89.6,80.7,77,97.8,32.6,77,37,174.8
Female,89.6,80.7,77,97.8,33.4,78.9,38.7,174.8
Female,90.5,81.5,77,97.8,33.4,78.9,38.3,174.8
Female,90.5,81.5,78.6,97.8,33.4,78.9,38.3,174.8
Female,90.5,81.5,80.2,97.8,33.9,78.9,38.3,174.8
Female,91.6,83.3,80.2,97.8,33.9,78.9,38.3,174.8
Female,91.6,83.3,80.2,99.7,33.9,78.9,38.3,174.8
Female,92.1,83.7,80.2,99.7,34,78.9,39.1,174.8
Female,92.9,83.7,80.2,99.7,34,78.9,39.1,174.8
Female,93.6,84.1,80.2,99.7,34,78.9,39.1,174.8
Female,93.6,84.1,80.2,99.7,34.6,78.9,39.1,174.8
Female,93.6,84.1,80.6,99.7,34.6,78.9,39.9,174.8
Female,94.9,84.7,81.3,99.7,34.6,78.9,39.9,174.8
Female,95.6,85.7,81.3,99.7,34.6,78.9,39.9,174.8
Female,96.2,86.5,83.3,100.6,34.6,78.9,39.9,174.8
Female,96.2,86.5,83.3,100.6,35.1,78.9,40.3,174.8
Female,96.7,86.9,85.3,101.6,35.1,78.9,40.3,174.8
Female,96.7,86.9,80.6,101.6,35.8,78.9,40.3,174.8
Female,96.7,86.9,78.6,101.6,35.8,78.9,40.3,174.8
Female,97.1,87.7,78.6,102.2,36.2,78.9,40.3,174.8
Female,98,88.5,78.6,102.2,36.4,78.9,41.1,174.8
Female,98,88.5,80.2,103,36.4,78.9,41.1,174.8
Female,98.9,89.9,80.2,103,36.4,78.9,41.5,174.8
Female,98.9,89.9,84.9,103,36.9,78.9,41.5,174.8
Female,98.9,89.9,84.9,103,36.9,78.9,39.7,174.8
Female,98.9,89.9,86.9,103,36.9,78.9,39.7,174.8
Female,98.9,89.9,86.9,105.2,36.9,78.9,39.7,174.8
Female,100,90.1,86.9,105.2,36.9,78.9,39.7,174.8
Female,100,90.1,86.9,105.2,37,78.9,41.5,174.8
Female,100,90.1,89.6,106.3,37,78.9,41.5,174.8
Female,100,90.1,90,107.1,37,78.9,41.5,174.8
Female,101.3,90.7,90,107.1,37,78.9,41.5,174.8
Female,101.3,90.7,91.6,107.1,37,78.9,41.5,174.8
Female,101.3,90.7,91.6,107.1,36.5,78.9,40.3,174.8
Female,101.3,90.7,94.4,107.1,36.5,78.9,40.3,174.8
Female,101.3,90.7,95.9,108.2,36.5,78.9,40.3,174.8
Female,101.9,91.3,95.9,108.2,36.5,78.9,40.3,174.8
Female,102.6,92.3,95.9,108.2,36.3,78.9,40.3,174.8
Female,102.6,92.3,97.1,109.2,36.3,78.9,40.3,174.8
Female,103.5,93.3,97.1,110.2,36.3,78.9,40.3,174.8
Female,103.5,93.3,98.3,112,36.3,78.9,40.3,174.8
Female,103.5,93.3,99.1,113,36.3,78.9,40.3,174.8
Female,103.5,93.3,99.1,113,36.9,78.9,41.1,174.8
Female,103.5,93.3,101.10,113.9,36.9,78.9,41.1,174.8
Female,103.5,93.3,102.20,113.9,36.9,78.9,41.1,174.8
Female,103.5,93.3,102.20,113.9,37.1,78.9,41.1,174.8
Female,104.4,94.1,102.20,113.9,37.1,78.9,42.5,174.8
Female,105.2,95.3,102.20,113.9,37.1,78.9,42.5,174.8
Female,105.2,95.3,103.80,115.2,37.1,78.9,42.5,174.8
Female,106.3,96.1,103.80,115.2,37.1,78.9,42.5,174.8
Female,107.2,96.7,103.80,115.2,37.1,78.9,42.5,174.8
Female,107.2,97.3,104.60,115.2,37.1,78.9,42.5,174.8
Female,107.2,97.3,104.60,115.2,37.9,78.9,42.5,174.8
Female,107.2,97.3,106.60,116,37.9,78.9,42.5,174.8
Female,107.2,97.3,106.60,116,38.5,78.9,42.9,174.8
Female,107.2,97.3,107.70,117.7,38.5,78.9,42.9,174.8
Female,109,98.1,107.80,117.7,38.5,78.9,42.9,174.8
Female,109,98.1,110.1,117.7,39.2,78.9,42.9,174.8
Female,109.6,98.1,110.1,119,39.2,78.9,42.9,174.8
Female,110.3,98.7,110.1,119,39.2,78.9,42.9,174.8
Female,110.3,98.7,111.7,119.8,39.2,78.9,42.9,174.8
Female,111.4,99.3,111.7,119.8,39.2,78.9,43.1,174.8
Female,111.4,99.9,111.7,119.8,40.1,78.9,43.1,174.8
Female,111.6,99.9,111.7,119.8,40.8,78.9,42.5,174.8
Female,112.3,100.3,112.1,119.8,40.8,78.9,42.5,174.8
Female,112.7,100.3,112.1,120.4,40.4,78.9,41.9,174.8
Female,112.7,100.7,112.5,120.4,40.4,78.9,41.9,174.8
Female,112.7,100.7,112.5,120.4,39.5,78.9,41.9,174.8
Female,113,101,113,121,39.5,78.9,40.7,174.8
Female,88.1,80.2,71.7,95.7,33.1,77.1,34.8,176.3
Female,84.8,76.9,68.3,90.8,33.5,78.9,38.7,176.3
Female,83.9,75.9,75.4,90.8,33.5,78.9,40.1,176.3
Female,85,76.9,75.4,90.8,33.5,78.9,40.1,176.3
Female,85,76.9,75.4,95.1,33.5,78.9,40.1,176.3
Female,85,76.9,75.4,96.2,33.5,78.9,40.1,176.3
Female,85.6,78.1,75.9,96.2,33.5,78.9,37.5,176.3
Female,86.8,78.1,75.9,96.2,33.5,78.9,37.5,176.3
Female,87.2,78.1,75.9,96,33.1,78.1,37.5,176.3
Female,88.3,78.1,75.9,96,33.1,78.1,37.5,176.3
Female,89,78.7,75.9,96,33.1,78.1,37.5,176.3
Female,89,78.7,80.2,96,33.1,78.1,37.5,176.3
Female,89,78.7,80.2,97.3,33.1,78.1,37.5,176.3
Female,89,78.7,80.2,97.3,34.2,78.1,37.5,176.3
Female,89,78.7,81.3,97.3,34.2,78.1,38.3,176.3
Female,89,80.1,81.3,97.3,34.2,78.1,38.3,176.3
Female,89,80.1,81.3,99.5,34.2,78.1,38.3,176.3
Female,90.1,80.7,82.5,99.5,34.2,78.1,38.3,176.3
Female,90.1,80.7,82.5,99.5,35.1,78.1,39.1,176.3
Female,91,81.9,84.9,99.5,35.1,78.1,39.1,176.3
Female,91.6,82.3,84.9,99.5,35.1,78.1,39.1,176.3
Female,91.6,82.3,85.3,103.5,35.1,78.1,39.1,176.3
Female,92.5,83.3,88,104.9,35.1,78.1,39.1,176.3
Female,92.5,83.3,88,104.9,35.8,78.1,39.1,176.3
Female,92.5,83.3,90.8,107.1,35.8,78.1,39.1,176.3
Female,93.8,84.9,92.8,107.1,35.8,78.1,39.1,176.3
Female,95.4,84.9,92.8,107.1,35.8,78.1,38.5,176.3
Female,96.5,85.9,92.8,107.1,36.1,78.1,38.3,176.3
Female,97.1,87.5,92.8,107.1,36.1,79.2,38.3,176.3
Female,98.2,88.9,94.4,108.4,36.1,79.2,38.3,176.3
Female,100.4,90.5,94.4,108.4,36.1,79.2,39.9,176.3
Female,101.3,91.3,94.4,108.4,36.1,79.2,39.9,176.3
Female,101.3,91.3,94.4,108.4,37.2,79.2,39.9,176.3
Female,101.3,91.3,95.9,110.1,37.2,79.2,39.9,176.3
Female,102.2,92.1,95.9,110.1,37.2,79.2,39.9,176.3
Female,103,92.7,95.9,110.1,37.2,79.2,39.9,176.3
Female,103.8,93.7,95.9,110.1,37.2,79.2,39.9,176.3
Female,103.8,93.7,95.9,110.1,38.2,79.2,39.9,176.3
Female,105.2,94.7,95.9,110.1,38.2,79.2,39.9,176.3
Female,105.2,94.7,95.9,110.9,38.2,79.2,40.9,176.3
Female,106.8,96.1,95.9,110.9,38.2,79.2,40.9,176.3
Female,106.8,96.1,99.1,111.4,38.2,79.2,40.9,176.3
Female,106.8,96.1,100.7,113.6,38.2,79.2,40.9,176.3
Female,106.8,96.1,102.6,113.6,38.2,79.2,40.9,176.3
Female,106.8,96.1,103.8,114.7,38.2,79.2,40.9,176.3
Female,107.9,96.1,103.8,114.7,38.5,79.2,40.9,176.3
Female,108.5,97.3,103.8,114.7,38.5,79.2,41.3,176.3
Female,109.6,97.9,105.4,116,39.1,79.2,41.3,176.3
Female,109.6,97.9,108.5,117.4,39.1,79.2,41.3,176.3
Female,109.6,97.9,108.5,117.4,39.6,79.2,41.5,176.3
Female,109.6,97.9,110.1,118.5,39.6,79.2,41.5,176.3
Female,110.5,99.3,110.1,118.5,39.6,79.2,41.5,176.3
Female,111.8,99.3,110.1,118.5,39.6,79.2,41.5,176.3
Female,111.8,99.3,110.1,119.8,40.3,79.2,41.5,176.3
Female,111.8,99.3,111.1,119.8,40.3,79.2,42.1,176.3
Female,112.3,100.3,111.7,119.8,42.1,79.2,42.1,176.3
Female,112.3,100.7,113,120.8,41.4,79.2,39.5,176.3
Female,113,101,113,120.9,40.4,79.2,39.5,176.3
Male,79,74.5,64.6,86.7,33.8,79,32.3,174.5
Male,79.8,74.5,64.6,86.7,33.8,79,32.9,174.5
Male,80.6,75.5,66.8,89.2,33.8,79,32.9,174.5
Male,80.6,75.5,67.6,90.2,33.8,79,33.7,174.5
Male,81.5,76.3,69.1,91.9,33.8,79,33.7,174.5
Male,81.5,76.3,72.3,94.3,34.3,79,34.9,174.5
Male,82.8,77.1,72.3,94.3,34.3,79,34.9,174.5
Male,82.8,77.1,73.9,96.2,34.3,79,34.9,174.5
Male,82.8,79.4,74.5,94.7,35.1,78.2,35.4,174.5
Male,84.2,80.3,74.5,94.7,35.1,78.2,35.4,174.5
Male,84.2,80.3,74.5,94.7,35.4,78.2,35.4,174.5
Male,86.6,81.7,74.5,94.7,35.4,78.2,35.4,174.5
Male,86.6,81.7,77,95.9,35.4,78.2,35.4,174.5
Male,86.8,81.7,79.8,100.6,35.4,78.2,35.4,174.5
Male,85.7,82.9,79.8,100.6,35.4,78.2,35.4,174.5
Male,85.7,82.9,81.3,100.6,36.5,78.2,37.5,174.5
Male,86.8,83.5,81.3,100.6,36.5,78.2,37.5,174.5
Male,86.8,83.5,83.7,101.9,36.5,78.2,37.5,174.5
Male,86.8,83.5,85.3,102.7,36.5,78.2,37.5,174.5
Male,86.8,83.5,85.3,102.7,37.2,78.2,37.5,174.5
Male,87.9,85.1,85.3,102.7,37.2,78.2,35.1,174.5
Male,87.9,85.1,87.7,104.6,37.2,78.2,35.1,174.5
Male,87.9,85.1,90,106,37.9,78.2,36.1,174.5
Male,89.4,87.1,90,106,37.9,78.2,36.1,174.5
Male,90.3,87.5,90,106,37.9,78.2,36.1,174.5
Male,83.8,80.1,71,89,35.7,77.2,33.6,174.5
Male,83.8,80.1,71,91.6,36,77.2,34.5,174.8
Male,83.8,80.1,74.6,94,36,77.2,34.5,174.8
Male,84.6,81.1,74.6,94,36,77.2,34.5,174.8
Male,84.6,81.1,76.6,98.4,36.3,77.2,35.9,174.8
Male,85.9,81.9,76.6,98.4,36.3,77.2,35.9,174.8
Male,85.9,81.9,79.4,101.1,36.3,77.2,35.9,174.8
Male,85.9,81.9,79.4,101.1,36.8,77.2,36.5,174.8
Male,87.7,83.5,81,101.1,36.8,77.2,36.5,174.8
Male,89.4,86.5,81,101.1,36.8,77.2,36.5,174.8
Male,89.4,86.5,83.7,100.3,36.8,77.2,36.5,174.8
Male,90.7,86.5,83.7,100.3,36.8,77.2,36.5,174.8
Male,91,86.9,84.9,100.3,36.8,77.2,36.5,174.8
Male,91.4,87.7,84.9,100.3,37.2,77.2,37.7,174.8
Male,92.7,88.7,84.9,100.3,37.2,77.2,37.7,174.8
Male,94,89.3,87.7,101.9,37.2,77.2,37.7,174.8
Male,94.5,89.3,87.7,102.2,37,77.2,38.7,174.8
Male,94.5,90.1,88.8,104.1,37,77.2,38.7,174.8
Male,94.5,90.1,91.6,107.6,37,77.2,37.5,174.8
Male,95.6,93.1,91.6,107.6,37,77.2,37.5,174.8
Male,96.2,92.2,93.2,106.5,38.2,77.9,38.2,174.8
Male,97.1,92.7,93.2,106.5,38.2,77.9,38.6,174.8
Male,97.1,92.7,95.5,107.1,38.2,77.9,38.6,174.8
Male,98.2,94.5,95.5,107.1,38.2,77.9,38.6,174.8
Male,98.2,94.5,95.5,107.1,38.6,77.9,39.3,174.8
Male,99.1,94.5,95.5,107.1,38.6,77.9,39.3,174.8
Male,99.8,95.7,95.5,107.1,38.6,77.9,39.3,174.8
Male,99.8,95.7,97.5,110.9,38.6,77.9,39.3,174.8
Male,99.8,95.7,97.5,110.9,38.9,77.9,40.3,174.8
Male,100.4,95.7,98.7,112.2,39.4,77.9,40.3,174.8
Male,100.4,95.7,100.7,114.7,39.4,77.9,39.7,174.8
Male,102.8,100.1,100.7,114.7,39.4,77.9,39.7,174.8
Male,102.8,100.1,102.2,114.7,40.1,77.8,42.7,174.8
Male,103.5,101,102.2,114.7,40.1,77.8,42.7,174.8
Male,103.5,101,105.4,114.7,40.1,77.8,42.7,174.8
Male,103.5,101,105.4,116.8,40.1,77.8,41.1,174.8
Male,103.5,101,107,119.3,40.6,77.8,41.1,174.8
Male,103.5,101,108.9,119.3,40.6,77.8,41.1,174.8
Male,104.4,101,110.9,119.3,40.6,77.8,41.1,174.8
Male,105.2,101,110.9,119.6,41,77.8,43.1,174.8
Male,105.2,101,112.9,120.4,41,77.8,43.1,174.8
Male,79,75.2,65.3,87.6,34.1,79.8,32.7,176.3
Male,79,75.2,62.4,85.4,34.1,79.8,32.7,176.3
Male,79.8,76.3,65.3,87.6,34.3,79.8,33.7,176.3
Male,79.8,76.3,68.7,89.7,34.3,79.8,33.7,176.3
Male,79.8,76.3,70.7,91.9,34.3,79.8,33.7,176.3
Male,79.8,76.3,70.7,94,34.3,79.8,33.7,176.3
Male,80,77.3,70.7,94,35.1,79.8,35.9,176.3
Male,81.6,78.2,70.9,93.1,35.1,78.5,34,176.3
Male,82.4,80.3,70.9,93.1,35.1,78.5,34,176.3
Male,82.9,79.4,71.2,92.8,35.6,78.5,34.2,176.3
Male,82.9,79.4,72.7,94,35.6,78.5,34.2,176.3
Male,83.5,80.3,73.9,94.9,35.6,78.5,34.2,176.3
Male,84.8,81.9,73.9,94.9,36.2,78.4,35.7,176.3
Male,85,81.6,74,94.9,36.3,78.4,35.7,176.3
Male,86.1,82.3,74,94.9,36.3,78.4,35.7,176.3
Male,86.1,82.3,77,95.9,36.3,78.4,35.7,176.3
Male,86.8,83.3,78.2,96.5,36.3,78.4,35.7,176.3
Male,87.7,84.5,78.2,96.5,36.3,78.4,35.7,176.3
Male,87.7,84.5,80.2,98.1,36.3,78.4,35.7,176.3
Male,87.7,84.5,84.1,100.3,36.3,78.4,35.7,176.3
Male,89.2,85.9,84.1,100.3,36.3,78.4,35.7,176.3
Male,89.2,85.9,86.1,101.9,36.3,78.4,35.7,176.3
Male,90.3,87.5,86.5,103.5,36.3,78.4,35.7,176.3
Male,90.3,87.5,89.6,106.8,36.3,78.4,35.7,176.3
Male,91,88.7,89.6,106.8,36.9,78.4,37.3,176.3
Male,92.1,90.7,92.4,109.8,36.9,78.4,37.3,176.3
Male,90.1,86.7,82.4,94.8,36.9,78.4,37.3,176.3
Male,90.6,86.7,84.1,97.3,38.5,79.6,37.7,176.3
Male,92.1,88.3,84.1,97.3,38.5,79.6,37.7,176.3
Male,92.1,88.3,84.1,97.3,39.1,79.6,39.3,176.6
Male,93.8,89.7,84.1,97.3,39.1,79.6,39.3,176.6
Male,93.8,89.7,84.1,97.3,39.1,79.6,40.5,176.6
Male,94.9,90.7,84.1,97.3,39.1,79.6,40.5,176.6
Male,95.6,90.7,84.1,97.3,39.1,79.6,40.5,176.6
Male,96.7,92.1,84.1,97.3,39.1,79.6,40.5,176.6
Male,98.2,94.1,84.1,97.3,40.1,79.6,42.1,176.6
Male,99.1,94.9,84.1,97.3,40.5,79.6,43.1,176.6
Male,99.1,94.9,85.3,100.8,40.5,79.6,43.1,176.6
Male,99.1,94.9,87.7,102.7,40.5,79.6,43.1,176.6
Male,99.5,96.3,87.7,102.7,41.4,80.8,44.1,176.6
Male,99.5,96.3,89.6,104.9,41.4,80.8,44.1,176.6
Male,100.4,97.1,89.6,104.9,41.4,80.8,44.1,176.6
Male,100.4,97.1,91.6,109.2,41.4,80.8,44.1,176.6
Male,100.8,96.2,92.8,107.6,41.2,78.8,43.1,176.6
Male,101.7,97.3,92.8,107.6,41.2,78.8,44.5,176.6
Male,101.7,97.3,94.7,110.3,41.2,78.8,44.5,176.6
Male,103.3,100.3,94.7,110.3,41.2,78.8,44.5,176.6
Male,103.3,100.3,97.1,113.3,41.2,78.9,44.5,176.6
Male,103.3,100.3,101.1,113,41.2,78.9,42.3,176.6
Male,104.4,101,101.1,113,41.2,78.9,42.3,176.6
Male,105,101,101.1,115.2,41.9,78.9,44.3,176.6
Male,104.4,101,102.6,117.9,41.9,78.9,46.3,176.6
Male,104.4,101,105.4,117.9,41.9,78.9,47.3,176.6
Male,104.1,101,108.5,117.9,42.8,78.9,47.9,176.6
Male,104.4,101,109.7,121,42.8,78.9,47.9,176.6
Male,104.4,101,112.1,121,42.8,78.9,47.9,176.6
Male,103.9,99.2,103.1,112.5,39,79.5,44.5,176.6
Male,103.9,99.2,104.6,114.1,39,79.5,44.5,176.6
Female,89.2,81.3,72.3,96.8,33.5,78.2,35,178.8
Female,83.3,76.1,72.3,96.8,33.9,78.2,36.1,178.8
Female,82,74.7,72.3,96.8,33.9,78.2,36.1,178.8
Female,82,74.7,72.3,93.2,33.9,78.5,36.1,178.8
Female,82,74.7,76.2,87.8,32.3,78.5,36.1,178.8
Female,85,77.5,78.4,96.1,33,80.5,36,178.8
Female,85,77.5,73.9,93,33,80.4,36,178.8
Female,85.7,78.3,73.9,93,33,80.4,36.7,178.8
Female,86.8,79.5,73.9,93,33,80.4,38.5,178.8
Female,86.8,79.5,73.9,97,33,80.4,38.5,178.8
Female,90.4,80.5,80,98.4,34.1,78.4,36.9,178.8
Female,91.8,81.3,80,98.4,34.1,78.4,37.5,178.8
Female,91.8,81.3,81.3,100.6,34.8,78.4,37.5,178.8
Female,91.8,81.3,81.3,97.8,34.8,78.4,37.5,178.8
Female,92.9,82.7,81.3,97.8,34.8,78.4,37.5,178.8
Female,94.3,84.3,82.9,100.6,34.8,78.4,37.5,178.8
Female,95.4,85.7,82.9,100.6,35.1,78.4,38.9,178.8
Female,95.4,85.7,82.9,100.6,35.6,78.4,39.5,178.8
Female,95.4,85.7,82.9,100.6,36.2,78.4,40.3,178.8
Female,95.4,85.7,85.7,100.6,36.2,78.4,40.3,178.8
Female,95.4,85.7,87.3,100.6,36.2,78.4,40.3,178.8
Female,96.9,85.7,87.3,102.2,36.2,78.4,40.3,178.8
Female,98.2,87.3,87.3,102.2,36.2,78.4,40.3,178.8
Female,98.2,87.3,91.2,103.8,37,78.4,41.5,178.8
Female,98.7,88.3,91.2,103.8,37,78.4,41.3,178.8
Female,100,91.5,91.2,103.8,37,78.4,41.3,178.8
Female,100.6,91.5,91.2,103.8,37,78.4,42.5,178.8
Female,100.6,91.5,91.2,107.1,37,78.4,42.5,178.8
Female,100.6,91.5,92.8,108.7,37,78.4,42.5,178.8
Female,100.6,91.5,96.7,108.7,37.6,78.4,42.5,178.8
Female,100.6,91.5,99.5,111.7,38.4,78.4,43.3,178.8
Female,101.8,91.2,98,112.3,37.9,80.9,41.1,178.8
Female,102.2,92.3,101.8,114.1,38.5,80.9,42.1,178.8
Female,102.7,92.4,101,114.4,38.6,82,41.1,178.8
Female,103.9,93.1,101,114.4,38.6,82,41.1,178.8
Female,105.2,94.3,101,114.4,38.6,82,41.1,178.8
Female,105.2,94.3,101.8,115.8,38.6,82,41.1,178.8
Female,106.3,95.7,103.8,117.9,39.4,82,41.7,178.8
Female,107,96.5,103.8,117.9,39.4,82,41.7,178.8
Female,107,96.5,105.4,118.7,39.4,82,41.7,178.8
Female,107.9,97.3,107,118.7,39.4,82,41.7,178.8
Female,107.5,97.4,106.5,118.6,39,83.2,41.6,178.8
Female,108.1,97.4,106.5,118.6,39.6,83.2,41.6,178.8
Female,108.1,97.5,107,119,39.6,83.2,41.7,178.8
Female,109.2,98.7,107,119,40,83.2,42.7,178.8
Female,109,98.5,106.7,119,39.2,84.2,42,178.8
Female,109,98.7,108.2,119.8,39.2,84.2,42,178.8
Female,108.3,98.7,110.1,118.7,39.3,84.9,41.3,178.8
Female,109,99.1,110.1,118.7,39.3,84.9,41.3,178.8
Female,109.6,99.5,110.1,118.7,39.3,84.9,41.3,178.8
Female,109.6,99.5,111.3,119.8,39.3,84.9,41.3,178.8
Female,110.5,99.5,111.3,119.8,39.7,84.9,42.5,178.8
Female,110.1,99.8,111.9,120,39,85.7,41.6,178.8
Female,111,100.5,111.9,120,39,85.7,41.6,178.8
Female,111,100.5,111.7,120,39.2,85.7,41.7,178.8
Female,111.6,101,112.7,121,39.9,85.2,42.5,178.8
Female,90.1,82.1,73,97.7,33.8,79,35.7,180.6
Female,87.8,79.5,76.5,97.6,33.6,79.6,36.7,180.6
Female,87.8,79.5,76.2,93.2,33.6,79.6,36.7,180.6
Female,85.9,77.7,76.2,93.2,32.7,79.6,37.9,180.6
Female,86.8,78.5,78.2,97.4,33.5,80.1,37.4,180.6
Female,86.8,78.5,80.2,97.4,33.5,80.1,37.4,180.6
Female,87.7,79.3,80.2,97.4,33.5,80.1,37.4,180.6
Female,87.7,79.3,80.2,100,33.5,80.1,37.4,180.6
Female,88.8,81.1,80.2,100,33.5,80.1,37.4,180.6
Female,90.1,81.1,80.2,100,33.5,80.1,37.4,180.6
Female,90.1,81.1,80.2,100,34.2,80.1,38.5,180.6
Female,90.5,81.5,83.3,100,34.2,80.1,38.5,180.6
Female,91.5,81.5,83.7,101.1,34.2,80.1,38.5,180.6
Female,92.7,81.5,83.7,101.1,34.2,80.1,39.3,180.6
Female,93.4,82.3,85.7,101.1,34.7,80.1,39.3,180.6
Female,94.5,83.7,85.7,101.1,34.7,80.1,39.3,180.6
Female,94.5,83.7,85.7,102.7,34.7,80.1,39.3,180.6
Female,95.1,85.3,85.7,102.7,35.6,80.1,40.1,180.6
Female,96.5,86.7,85.7,102.7,35.6,80.1,40.1,180.6
Female,98,88.3,85.7,102.7,35.6,80.1,40.1,180.6
Female,98,88.3,88.4,103.3,36,80.1,40.3,180.6
Female,99.5,88.7,88.4,106.3,36,80.1,40.3,180.6
Female,100.9,89.7,88.4,106.3,36.8,80.1,41.3,180.6
Female,101.9,90.7,88.4,106.3,36.8,80.1,41.3,180.6
Female,101.9,90.7,88.4,106.3,36.8,80.1,42.5,180.6
Female,102.6,91.5,88.4,106.3,37.9,80.1,42.5,180.6
Female,103.5,92.5,88.4,106.3,37.9,80.1,42.5,180.6
Female,103.5,92.5,88.4,106.3,38.5,80.1,42.7,180.6
Female,104.4,93.7,88.4,106.3,39,80.1,42.7,180.6
Female,104.4,93.7,90,108.2,39.2,80.1,42.5,180.6
Female,104.4,93.7,92.4,110.3,39.2,80.1,42.5,180.6
Female,105.7,95.3,92.4,110.3,39.2,80.1,42.5,180.6
Female,105.7,95.3,94.4,112.2,39.2,80.1,42.5,180.6
Female,107,97.1,94.4,112.2,39.2,80.1,42.5,180.6
Female,107,97.1,97.4,113.6,39.2,80.1,42.5,180.6
Female,107.3,96.80,97.4,113.6,39,80.4,42.1,180.6
Female,108.8,97.5,97.4,113.6,39,80.4,42.1,180.6
Female,108.8,97.5,97.5,114.9,39,80.4,42.1,180.6
Female,109.6,98.7,99.5,115.8,39,80.4,42.1,180.6
Female,109.6,98.7,102.2,115.8,39,80.4,42.1,180.6
Female,109.2,98.9,102.1,115.9,38.4,81.4,42.2,180.6
Female,110.3,99.7,102.1,115.9,38.4,81.4,42.2,180.6
Female,110.3,99.7,105.4,117.9,38.4,81.6,42.2,180.6
Female,111,99.7,107,117.9,38.4,81.6,42.2,180.6
Female,110.3,99.8,106.2,118.2,38.7,83.6,42.2,180.6
Female,111.2,99.5,109.7,120.1,39.4,83.6,44.2,180.6
Female,110.7,100.1,108.9,120.4,38.8,84.8,42.2,180.6
Female,110.7,100.1,112.1,120.4,40.1,84.8,42.2,180.6
Male,79.5,76,66,88.5,34.5,80.6,33,178.1
Male,79.5,74.9,64.4,86.7,33.4,80.6,33,178.1
Male,80.6,76.9,66,88.5,34.5,80.6,33,178.1
Male,80.6,76.9,66,88.5,35.1,80.6,33.7,178.1
Male,81.5,78.7,66,88.5,35.1,80.6,33.7,178.1
Male,81.4,77.8,66.9,89.1,35.3,80.7,35.3,178.1
Male,82.2,78.3,66.9,89.1,35.3,80.7,34.2,178.1
Male,82.2,78.3,68.3,90.2,35.3,80.7,34.2,178.1
Male,83,79.3,68.6,89.9,35.3,80.5,34.4,178.1
Male,83,79.3,69.9,91.1,35.3,80.5,34.4,178.1
Male,83,79.3,71.5,91.1,35.3,80.5,34.4,178.1
Male,83,79.3,73.1,93,35.3,80.5,34.4,178.1
Male,84.8,81.1,73.1,93,35.5,80.5,34.4,178.1
Male,90.6,86.7,81.2,95.2,38.5,80.5,37.7,178.1
Male,91.6,87.7,81.2,95.2,38.5,80.5,37.7,178.1
Male,86.6,81.7,75.8,93,37.1,80.5,37.7,178.1
Male,85,81.3,74.3,93,37.1,80.5,37.7,178.1
Male,85.5,81.3,71.9,91.9,37.1,80.4,37.7,178.1
Male,85.5,81.3,71.1,90.2,37.1,80.4,37.7,178.1
Male,85.5,81.3,71.1,90.2,36.5,80.4,37.7,178.1
Male,85,79.1,67.9,88.6,35.5,80.4,36.7,178.1
Male,85.5,81.7,69.1,90.1,36.8,80.7,36.4,178.1
Male,86.6,82.9,69.1,90.1,36.8,80.7,36.9,178.1
Male,87.2,83.1,69.9,90.1,36.8,80.7,36.9,178.1
Male,87.2,83.1,69.9,90.1,37.3,80.7,37.5,178.1
Male,87.8,83.9,69.8,90.9,38,80.8,37.9,178.1
Male,88.5,84.5,69.8,90.9,38,80.8,37.9,178.1
Male,88.5,84.5,71.9,92.4,38,80.8,37.9,178.1
Male,89.2,85.1,71.9,92.4,38.4,80.8,38.3,178.1
Male,89.9,85.9,71.9,92.4,38.7,80.8,39.7,178.1
Male,89.7,85.6,72.6,92.2,38.8,80.4,39.1,178.1
Male,90.5,86.1,72.6,92.2,38.8,80.4,39.1,178.1
Male,90.5,86.1,74.3,93.8,38.8,80.4,39.1,178.1
Male,91.2,87.5,74.3,93.8,38.8,80.4,39.1,178.1
Male,91.2,87.5,75.4,94.3,39.3,80.4,39.1,178.1
Male,91.2,87.5,76.6,95.7,39.6,80.4,39.7,178.1
Male,92.1,88.5,76.6,95.7,39.6,80.4,39.7,178.1
Male,93.4,89.1,76.8,95.6,39.7,80,39.5,178.1
Male,93.8,89.4,77.7,95.4,40.2,80,40.5,178.1
Male,95.1,90.8,78.2,95.3,40.1,79.3,40.1,178.1
Male,95.8,91.7,80.6,95.3,40.4,79.3,40.9,178.1
Male,96.7,92.3,80.6,95.3,40.4,79.3,40.9,178.1
Male,96.7,92.3,81.7,97,40.4,79.3,40.9,178.1
Male,97.8,93.1,81.7,97,40.4,79.3,40.9,178.1
Male,98.4,93.9,81.7,97,40.4,79.3,42.5,178.1
Male,98.2,93.4,82.4,96.9,41,78.9,41.7,178.1
Male,99.5,94.7,82.4,96.9,41.4,78.9,43.3,178.1
Male,99.1,94.1,83.2,97,40.9,79,41.7,178.1
Male,100.9,96.3,85.7,97,40.9,79,41.7,178.1
Male,100.9,96.3,86.5,98.4,40.9,79,41.7,178.1
Male,101.7,97.5,88.4,99.5,41.4,79.2,42.3,178.1
Male,101.8,97.1,88.8,99.5,41,78.7,41.8,178.1
Male,101.8,97.1,88.8,101.4,41,78.7,41.8,178.1
Male,102.8,98,91.2,101.6,40.4,78.9,42.2,178.1
Male,103.5,98.7,91.2,101.6,40.4,78.9,42.2,178.1
Male,103.5,98.7,94,103.5,40.4,78.9,42.2,178.1
Male,104.8,99.7,94,103.5,40.4,78.9,42.2,178.1
Male,104.8,99.7,95.1,105.4,40.4,78.9,42.2,178.1
Male,105.5,100.1,95.9,107.1,40.6,78.9,42.9,178.1
Male,104.8,99.9,96.3,106.7,40.6,79.1,42.7,178.1
Male,105.1,100.1,98.3,108,39.8,79.6,43.3,178.1
Male,106.1,100.9,99.1,108.7,40.1,79.6,44.5,178.1
Male,105.3,100.3,100.2,109.4,39.5,79.6,43.7,178.1
Male,105.3,100.3,101.5,110.9,39.5,79.6,43.7,178.1
Male,105.3,100.3,105,112.9,40.1,79.6,44.7,178.1
Male,104.7,100,103.9,113.4,39.4,80.1,44.8,178.1
Male,106.1,101,105.8,116,39.4,80.1,44.8,178.1
Male,106.1,101,103.8,118.2,39.4,80.1,44.8,178.1
Male,106.1,101,105.4,119.3,40.6,80.1,47.1,178.1
Male,106.1,101,105.4,119.3,42.5,80.1,47.1,178.1
Male,80.6,77.1,66.9,89.8,35,81.8,37.9,180.6
Male,82.8,79.5,66.9,89.8,35,81.8,37.9,180.6
Male,82.8,79.5,72.7,95.1,36.7,81.8,37.9,180.6
Male,84.2,81.1,72.7,95.1,36.7,81.8,40.7,180.6
Male,84.2,81.1,76.6,100.6,36.7,81.8,40.7,180.6
Male,84.8,81.7,76.6,100.6,37.6,81.8,42.1,180.6
Male,86.3,83.5,81.7,100.6,37.6,81.8,42.1,180.6
Male,86.3,83.5,85.3,107.3,37.6,81.8,42.1,180.6
Male,88.1,85.9,85.3,107.3,38.9,81.8,44.7,180.6
Male,89.4,87.3,90,110.3,38.9,81.8,44.7,180.6
Male,91.2,89.1,90.4,110.3,38.9,81.8,44.7,180.6
Male,92.9,89.1,90.4,110.3,38.9,81.8,44.7,180.6
Male,92.9,89.1,92.4,112.2,38.9,81.8,46.5,180.6
Male,94,91.3,92.4,112.2,40.6,81.8,46.5,180.6
Male,96.9,92.9,92.4,112.2,40.6,81.8,48.3,180.6
Male,99.5,95.5,92.8,112.2,41.8,81.8,50.3,180.6
Male,99.5,95.5,92.8,114.9,42.2,81.8,50.5,180.6
Male,100.9,97.7,96.7,114.9,42.2,81.8,50.5,180.6
Male,103.5,100.7,99.5,114.9,42.2,81.8,50.5,180.6
Male,105.2,101,101.5,114.9,42.2,81.8,52.9,180.6
Male,105.2,101,101.5,120.1,42.2,81.8,52.9,180.6
Male,105.2,101,103,120.1,43.9,81.8,50.9,180.6
Male,87.5,84.5,79,98.7,37.7,79.4,36.3,182.1
Male,85,81.9,72.7,93.5,35.9,79.4,38.7,182.1
Male,82.8,79.5,65.2,86.2,34.5,79.4,37.7,182.1
Male,86.1,82.1,67.9,86.2,34.5,79.4,37.9,182.1
Male,86.1,82.1,72.7,95.7,34.5,79.4,37.9,182.1
Male,87.7,83.3,72.7,95.7,34.5,79.4,41.1,182.1
Male,89.2,84.7,72.7,95.7,34.5,79.4,41.1,182.1
Male,89.2,84.7,77,102.7,34.5,79.4,41.1,182.1
Male,91.2,87.5,80.2,102.7,34.5,79.4,42.7,182.1
Male,93.2,89.1,80.2,102.7,34.5,79.4,42.7,182.1
Male,93.2,89.1,84.5,106,34.5,79.4,42.7,182.1
Male,93.2,89.1,84.5,106,37,79.4,46.1,182.1
Male,93.2,89.1,88,109.2,38.5,79.4,46.1,182.1
Male,94.5,91.1,88,109.2,38.5,79.4,46.1,182.1
Male,94.5,91.1,88,109.2,40,79.4,48.1,182.1
Male,96.5,93.1,88,109.2,40,79.4,48.1,182.1
Male,96.5,93.1,92,116.8,40,79.4,48.1,182.1
Male,98,94.7,92,116.8,40.9,79.4,49.9,182.1
Male,98,94.7,92,116.8,42.4,79.4,50.9,182.1
Male,99.8,97.1,92,116.8,42.4,79.4,50.9,182.1
Male,102.4,99.5,97.1,116.8,42.4,79.4,50.9,182.1
Male,102.4,99.5,99.9,121,42.4,79.4,50.9,182.1
Male,103.5,101,107,121,42.4,79.4,45.7,182.1
Male,103.5,101,111.7,121,44.5,79.4,45.7,182.1
Male,104.8,101,111.7,121,44.5,79.4,47.5,182.1
Male,107.8,101,106.9,116.4,40.6,83.1,45.3,183.9
Male,106.3,101,99.6,108.3,40.7,82.7,42.2,183.9
Male,105.5,101,99.6,108.3,40.7,82.7,42.2,183.9
Male,83.7,78.5,73.1,96.8,37,82.7,42.2,183.9
Male,85.6,81.7,74.1,94.1,37.1,83.7,38.3,183.9
Male,81.7,77.3,67.6,88.1,37.1,83.7,38.3,183.9
Male,82,78.5,68.1,91.4,35.6,83.3,34.1,183.9
Male,82,78.5,68.1,91.4,35.6,83.3,37.1,183.9
Male,82,78.5,73.5,98.4,37.2,83.3,37.1,183.9
Male,83.7,81.9,81,104.6,39,83.3,39.3,183.9
Male,83.7,81.9,85.7,111.4,39,83.3,42.3,183.9
Male,86.1,84.3,78.6,102.7,40.5,83.3,43.3,183.9
Male,88.1,86.5,78.6,102.7,40.5,83.3,43.3,183.9
Male,88.1,86.5,82.1,107.3,40.5,83.3,45.1,183.9
Male,89.9,88.1,85.3,112.5,40.5,83.3,45.5,183.9
Male,92.3,91.3,85.3,112.5,42.9,83.3,47.3,183.9
Male,94.5,92.5,85.3,112.5,42.9,83.3,47.3,183.9
Male,96.2,93.9,88.8,112.5,42.9,83.3,47.3,183.9
Male,97.3,95.9,92,116.6,42.9,83.3,47.3,183.9
Male,99.3,97.1,92,116.6,42.9,83.3,49.3,183.9
Male,100.9,99.3,95.5,119.8,42.9,83.3,49.3,183.9
Male,103.5,101,95.5,119.8,45,83.3,51.3,183.9
Male,103.5,101,101.5,121,45,83.3,49.5,183.9
Male,87.8,84.4,80.2,97.2,36.7,83.3,36.3,183.4
Male,89.8,86.2,80.2,97.2,36.7,83.3,36.3,183.4
Male,89.8,86.2,80.2,97.2,36.7,83.3,38.8,183.4
Male,89.8,86.2,80.2,97.2,38.6,83,41.2,183.4
Male,89.8,86.2,80.2,101.2,38.6,83,41.2,183.4
Male,99.7,95.1,80.2,101.5,38.6,83,41.2,183.4
Male,99.7,95.1,84.3,106.4,38.6,83,41.2,183.4
Male,99.7,95.1,84.3,106.4,40.3,83,44,183.4
Male,99.7,95.1,91,106.4,40.3,83,44,183.4
Male,101.4,97.5,91,106.4,40.3,83,44,183.4
Male,105.6,100.9,91,106.4,40.6,82,47.3,183.4
Male,105.6,100.9,94.2,112.7,40.6,82,47.3,183.4
Male,105.6,100.9,100.1,118.4,40.6,82,47.2,183.4
Male,105.6,100.7,103.7,121,40.6,82.3,47.2,183.4
Male,105.6,100.9,111.7,121,42.3,82.3,46.8,183.7
Female,90.8,82.7,73.6,98.4,34.1,79.6,40.2,181.9
Female,94,84.6,73.6,98.4,35.3,79.6,42,181.9
Female,94,84.6,76.5,102.6,35.3,79.6,42,181.9
Female,94,84.6,80.8,102.6,35.3,79.6,42,181.9
Female,94,84.6,85.5,104.3,35.3,79.6,42,181.9
Female,94,84.6,85.5,104.3,36.6,79.6,43.4,181.9
Female,96.1,87.8,85.5,104.3,36.6,79.6,43.4,181.9
Female,98.6,90.6,85.5,104.3,37.2,79.6,43.2,181.9
Female,98.6,90.6,88.3,104.3,38,79.6,43.2,181.9
Female,100.8,91,88.3,104.3,38,79.6,43.2,181.9
Female,100.8,91,93,109.1,38,79.6,43.2,181.9
Female,101.2,91,93,109.1,38.8,79.6,44,181.9
Female,102.5,93,94.6,109.1,38.8,79.6,44,181.9
Female,104.1,93.6,98.1,111.3,38.8,79.6,44,181.9
Female,105.6,96.3,101.3,115.1,39.7,79.6,45.2,181.9
Female,106.7,98.3,101.3,115.1,39.7,79.6,45.2,181.9
Female,108.2,99.3,104.4,120,39.7,79.6,45.2,181.9
Female,108.2,99.3,107.6,120,40.5,79.6,45.2,181.9
Female,109.6,101,110,120,40.5,79.6,46,181.9
Female,110.2,101,110,120,40.5,79.6,46,181.9
Female,111.7,101,113,121,40.5,79.6,47.6,181.9
Female,113,101,113,121,41.5,79.6,47.6,181.9
Female,113,101,113,121,42.5,79.6,48.4,181.9
Female,113,101,113,121,42.5,79.6,50,181.9
Female,87.6,79.4,79.6,92.6,34.1,79.6,39.8,181.9
Female,86.3,78,73.7,96.7,34.1,79.6,39.8,181.9
Female,84.5,76.4,73.7,91.2,34.1,79.6,39.8,181.9
Female,83.2,74.6,79.2,88.2,32.4,79.6,39,181.9
Female,90.1,80.6,80.2,98.4,34,82.6,38.6,183
Female,83.4,76.2,74.9,92.6,34,82.6,38.6,183
Female,85.4,76.4,74.9,92.6,34,82.6,38.6,183
Female,87.6,79,74.9,94.8,34,82.6,39.6,183
Female,89.6,80.8,80,99.4,34,82.6,39.6,183
Female,92.6,82.2,87.5,99.4,34,82.6,39.6,183
Female,94,83.4,87.5,104,34,82.6,39.6,183
Female,96.6,87.8,92.6,108.1,35.3,82.6,41.2,183
Female,96.6,87.8,95,108.1,36.1,82.6,42.6,183
Female,97.7,89.2,95,108.1,36.1,82.6,42.6,183
Female,99.4,90.8,95,108.1,36.1,82.6,42.6,183
Female,99.4,90.8,98.5,111,37.9,82.6,43.4,183
Female,101.4,93.4,103.3,114.6,38.8,82.6,44,183
Female,103,95.4,106.4,119.2,38.8,82.6,44,183
Female,104.5,97.5,109.2,119.2,39.8,82.6,45.8,183
Female,106.5,97.5,109.2,119.2,39.8,82.6,45.8,183
Female,108,99.1,112.3,120.5,41.1,82.6,46.4,183
Female,110.6,100.9,112.3,120.5,41.8,82.6,47.2,183
Female,112,100.9,112.3,120.5,42.2,82.6,47.2,183
Female,113,100.9,112.3,120.5,43.2,82.6,50,183
Female,82.5,74.4,66.6,87.9,30.7,71.9,35.8,161.3
Female,84.7,76.6,74.1,87.9,30.7,71.9,38,161.3
Female,86.7,78.8,77.6,92.6,32.1,71.8,39,161.3
Female,88.2,79,81.6,96.9,33.7,71.8,39,161.3
Female,89.8,82,81.6,96.9,33.7,71.8,40.2,161.3
Female,90.7,83,81.6,96.9,34.2,71.8,40.2,161.3
Female,92.4,83,83.9,99.9,34.2,71.8,40.2,161.3
Female,94.4,85,87.1,102.6,35.3,71.8,40.2,161.3
Female,95.3,87.2,91.4,104.8,35.3,71.8,40.2,161.3
Female,96.6,89,95,107.5,35.3,71.8,40.2,161.3
Female,98.1,90,95,107.5,35.3,71.8,40.2,161.3
Female,99,92,98.1,112.4,35.3,71.8,40.2,161.3
Female,101.2,93.4,98.1,112.4,35.3,71.8,40.6,161.3
Female,104.3,97.3,98.1,112.4,36.8,71.8,43.2,161.3
Female,106.5,99.1,105.6,116.7,37.8,71.8,44.4,161.3
Female,109.3,99.1,105.6,116.7,37.8,71.8,44.4,161.3
Female,109.3,99.1,108.4,120.3,38.8,71.8,45,161.3
Female,110.6,100.9,111.1,121,39.8,71.8,46,161.3
Female,111.3,100.9,113,121,39.8,71.8,44.4,161.3
Female,112.6,100.9,113,121,39.8,71.8,44.4,161.3
Female,111.7,101,107.1,120.2,39.1,84.2,43.1,184.1
Female,113,101,110.8,120.2,39.1,84.2,46.6,184.1
Female,113,101,110.8,120.2,41.7,84.2,47.6,184.1
Female,113,101,110.8,120.2,42.5,84.2,47.6,184.1
Female,89.6,80.6,76.2,99.8,34.1,81,40,184.1
Female,91.5,82.2,80.8,99.8,34.1,81,40,184.1
Female,92.2,83.4,84.3,104,35.6,81,40,184.1
Female,94.8,84.6,84.3,104,35.6,81,40,184.1
Female,96.6,87.2,84.3,104,35.6,81,41.4,184.1
Female,98.8,91.8,90.3,105.9,35.6,81,43.4,184.1
Female,100.5,93.4,95.8,109.7,35.6,81,43.4,184.1
Female,103.8,92.8,98.5,112.4,37,81,44.4,184.1
Female,106.3,95.3,101.3,114.6,37,81,45.4,184.1
Female,107.8,97.5,101.3,114.6,37,81,45.4,184.1
Female,108.5,98.3,104.4,116.2,38.3,81,46.8,184.1
Female,110,100.1,108,119.2,39.4,81,47.4,184.1
Female,111.7,100.1,109.6,119.2,39.4,81,48.4,184.1
Female,113,100.1,111.9,120.8,41.1,81,50.4,184.1
Female,113,100.9,113,120.8,42.3,81,50.8,184.1
Female,113,100.9,113,120.8,43.1,82.1,51.6,185.5
Female,111.3,101,110.8,121,41.2,86.9,44,185.5
Female,107.4,97.3,110,116.2,41.2,86.9,44,185.5
Female,104.5,94.4,110,116.2,41.2,86.9,44,185.5
Female,103,92.2,106,116.2,41.2,86.9,44,185.5
Female,102.3,91.2,104.1,115.1,41.2,86.9,44,185.5
Female,101.2,90,104.1,115.1,39.2,86.9,44,185.5
Female,99,88.8,97,110,39,86.9,43.4,185.5
Female,97.2,86,97,110,39,86.9,43.4,185.5
Female,95.3,84.8,97,110,39,86.9,43.4,185.5
Female,95.3,84.8,93.8,107.2,39,86.9,43.4,185.5
Female,93.3,83.6,93.8,107.2,39,86.9,43.4,185.5
Female,93.3,83.6,91.8,104.8,38.1,86.7,42.8,185.5
Female,92.4,82.4,91.8,104.8,38.1,86.7,42.8,185.5
Female,90.7,80.2,89.5,102.1,38.1,86.7,42.8,185.5
Female,90.7,80.2,85.5,100.5,37.4,86.7,42.8,185.5
Female,88.9,79.6,79.2,95.3,36.6,86.7,42,185.5
Female,86.7,77.8,75.7,92.3,35.1,86.7,40.4,185.5
Female,84.5,76.4,75.7,92.3,35.1,86.7,40.4,185.5
Female,84.5,76.4,72.5,89.6,34,86.7,39.6,185.5
Female,83,74.8,77.6,92.3,33.2,86.7,39.6,185.5
Female,81.9,72.2,78.8,88.8,32.4,86.7,39.6,185.5
Female,79.2,72.2,78.8,88.8,32.4,86.7,39.6,185.5
Male,85.1,81.4,74.7,94.2,35.9,85.3,37.2,184.1
Male,82.7,79,70.9,91.8,34.8,85.3,38,184.1
Male,82.1,78.4,70.9,91.8,33.3,85.3,38,184.1
Male,81,76.8,70.9,91.8,33.3,85.3,38,184.1
Male,81,77.6,69,88,33.3,85.3,38,184.1
Male,81.9,77.6,69,89.3,33.3,85.3,39.8,184.1
Male,83.6,79.8,72.9,92.6,33.3,85.3,39.8,184.1
Male,84.1,79.8,72.9,92.6,33.8,85.3,39.8,184.1
Male,84.1,79.8,72.9,92.6,33.8,85.3,41.2,184.1
Male,85.4,81.4,72.9,92.6,34.9,85.3,42.4,184.1
Male,86.5,83.2,72.9,92.6,34.9,85.3,42.4,184.1
Male,87.8,84.4,76.1,95.6,35.6,85.3,42.4,184.1
Male,88.9,86.6,77.6,98.3,36.6,85.3,44.4,184.1
Male,90.4,86.6,77.6,98.3,36.7,85.3,44.4,184.1
Male,92.4,88,77.6,98.3,36.7,85.3,44.4,184.1
Male,92.4,88,81.6,100.7,38,85.3,47.4,184.1
Male,94.2,90.2,81.6,100.7,38,85.3,47.4,184.1
Male,95.5,91.6,81.6,100.7,38,85.3,47.4,184.1
Male,96.8,92.6,81.6,100.7,38,85.3,47.4,184.1
Male,99.4,95.6,81.6,100.7,38,85.3,47.4,184.1
Male,99.4,95.6,85.1,104.3,38,85.3,47.4,184.1
Male,101.2,97.3,86.7,106.2,38.7,85.3,47.4,184.1
Male,102.3,98.5,88.3,106.2,38.7,85.3,50,184.1
Male,103.6,100.1,89.9,106.2,40.4,85.3,50.8,184.1
Male,104.7,100.9,89.9,106.2,40.4,85.3,50.8,184.1
Male,106.5,100.9,91.8,110.5,41.4,85.3,50.8,184.1
Male,106.5,100.9,95,113.5,41.9,85.3,50.8,184.1
Male,106.5,100.9,97.4,116.2,42.8,85.3,51.8,184.1
Male,106.5,100.9,100.5,116.2,43.5,85.3,52.8,184.1
Male,106,100.9,103.7,118.1,43.5,85.3,52.8,184.1
Male,104.1,100.9,106,118.1,44.5,85.3,51.8,184.1
Male,103,100.3,110.4,118.1,42,85.3,45,184.1
Male,105.6,101,106.3,116.3,41.5,83.4,45.8,185.5
Male,102.3,98.7,106.3,116.3,41.5,83.4,45.8,185.5
Male,102.3,98.7,101.7,112.9,41.5,83.4,45.8,185.5
Male,101,97.7,97,107.5,39.9,83.4,44.4,185.5
Male,100.3,97.7,97,107.5,39.9,83.4,44.4,185.5
Male,98.8,95.3,91.8,103.2,38.8,83.4,47,185.5
Male,99.7,96.3,91.8,103.2,40.2,83.4,48.4,185.5
Male,101.2,98.3,91.8,103.2,40.2,83.4,48.4,185.5
Male,103,99.1,91.8,103.2,40.2,83.4,48.4,185.5
Male,103,99.1,91.8,103.2,41.9,83.4,50.8,185.5
Male,104.5,101,91.8,103.2,41.9,83.4,50.8,185.5
Male,104.5,101,88.3,108.3,41.9,83.4,50.8,185.5
Male,104.5,101,88.3,111.9,42.8,83.4,52,185.5
Male,105.2,101,91.4,115.1,42.8,83.4,52,185.5
Male,105.2,101,91.4,117,43.4,83.4,54.1,185.5
Male,104.9,101,87.1,117,43.4,83.4,54.1,185.5
Male,103,97.3,87.1,117,43.4,83.4,54.1,185.5
Male,102.7,98.1,83.9,112.9,42.1,83.4,54.1,185.5
Male,101.4,96.7,83.9,112.9,42.1,83.4,54.1,185.5
Male,100.1,94.6,83.9,112.9,42.1,83.4,54.1,185.5
Male,98.6,93,83.9,112.9,42.1,83.4,54.1,185.5
Male,98.6,93,83.9,112.9,40.9,83.4,52.4,185.5
Male,96.8,91.8,82,111.3,40.1,83.4,51.4,185.5
Male,95.7,90.2,79.6,107.8,40.1,83.4,51.2,185.5
Male,93.3,89.4,79.6,107.8,39,83.4,50,185.5
Male,92.6,88.2,79.6,107.8,39,83.4,50,185.5
Male,92.6,88.2,79.6,104.3,38.1,83.4,48.2,185.5
Male,92.6,88.2,79.6,104.3,39.4,83.4,49.2,185.5
Male,91.5,86.6,81.6,104.3,38.5,83.4,48,185.5
Male,90,85.8,81.6,104.3,37.4,83.4,46.8,185.5
Male,89.1,84,79.2,101.3,36.1,83.4,45.4,185.5
Male,87.6,82.6,74.9,98.6,35,83.4,43.8,185.5
Male,86.3,81.4,72.9,95.6,34,83.4,43.2,185.5
Male,85.2,79.5,74.5,93.9,36.9,83.4,41.6,185.5
Male,83.8,79.8,74.5,93.9,35.8,83.4,40.4,185.5
Male,83.2,78.2,71.5,91.5,35.3,83.4,39.2,185.5
Male,82.1,77.4,68.6,91.5,34.5,83.4,38.8,185.5
Male,81,76,66.6,92.3,33.5,83.4,38.8,185.5
Male,83.2,79.6,69.1,92.8,36.1,84.5,39.6,186.6
Male,84.5,81,69.1,92.8,36.1,84.5,39.6,186.6
Male,86.5,83,69.1,92.8,36.1,84.5,39.6,186.6
Male,87.6,84.2,69.1,92.8,37,84.5,42,186.6
Male,87.6,84.2,72.1,98.8,37,84.5,42,186.6
Male,88.7,85.2,72.1,98.8,37,84.5,42,186.6
Male,89.8,86.4,72.1,98.8,38.4,84.5,42.2,186.6
Male,91.5,87.8,72.1,98.8,38.4,84.5,42.2,186.6
Male,91.5,87.8,74.9,101.8,38.4,84.5,42.2,186.6
Male,92.9,89.6,78.8,104.3,38.4,84.5,42.2,186.6
Male,92.9,89.6,78.8,104.3,39.4,84.5,45.4,186.6
Male,95,90.8,78.8,104.3,39.4,84.5,45.4,186.6
Male,96.1,91.8,82.4,106.4,40,84.5,47,186.6
Male,96.8,92.6,82.4,106.4,40,84.5,47,186.6
Male,96.8,92.6,84.7,108.6,40.6,84.5,48.4,186.6
Male,97.7,94.2,87.1,110.5,41.6,84.5,49.6,186.6
Male,99.4,95.9,87.1,110.5,41.6,84.5,49.6,186.6
Male,100.5,97.3,87.1,112.1,43.2,84.5,51.6,186.6
Male,101.9,98.7,87.1,112.1,43.2,84.5,51.6,186.6
Male,103.4,99.9,87.1,112.1,43.2,84.5,51.6,186.6
Male,104.7,101,87.1,112.1,43.2,84.5,51.6,186.6
Male,104.7,101,91,112.1,43.2,84.5,53.2,186.6
Male,104.7,101,93.4,115.1,43.2,84.5,53.2,186.6
Male,105.2,101,97.4,117.8,43.8,84.5,53.2,186.6
Male,105.2,101,99.3,117.8,44.8,84.5,50.2,186.6
Male,105.2,101,99.3,117.8,42,84.5,50.2,186.6
Male,105.2,101,108,117.8,42,84.5,50.2,186.6
Male,105.2,101,108,117.8,39.3,84.5,47.8,186.6
Male,103,101,111.9,120.8,37.4,84.5,44.6,186.6
Male,103,101,111.9,120.8,35.4,84.5,41.2,186.6
Male,107.1,101,106.5,116.7,40.7,83.9,44.9,186.6
Male,88.3,84.2,74.5,94.7,38.9,85.1,40.1,187.4
Male,86.3,82.6,74.5,94.7,38.9,85.1,40.1,187.4
Male,84.7,81.4,72.5,93.1,37.8,85.1,39.4,187.4
Male,83.8,79.8,72.5,93.1,37.8,85.1,40.4,187.4
Male,82.5,78.4,72.5,93.1,37.8,85.1,40.4,187.4
Male,81.4,77.4,74.5,93.1,37.4,85.1,40.4,187.4
Male,80.5,76.8,72.1,93.1,36,85.1,40.4,187.4
Male,80.1,75.8,69,91.2,36,85.1,40.4,187.4
Male,80.1,75.2,66.6,89.9,35,85.1,38.8,187.4
Male,81.9,76.8,66.6,89.9,35,85.1,38.8,187.4
Male,82.7,77.6,66.6,89.9,35,85.1,38.8,187.4
Male,83.8,79.8,69.8,94.8,35,85.1,38.8,187.4
Male,85.6,82.2,69.8,94.8,35,85.1,38.8,187.4
Male,85.6,82.2,76.1,96.7,36.7,85.1,38.8,187.4
Male,85.6,82.2,76.1,96.7,36.7,85.1,41,187.4
Male,86.3,82.2,76.1,96.7,36.7,85.1,41,187.4
Male,87.4,83.2,76.1,96.7,38,85.1,41,187.4
Male,89.1,84.6,78.8,99.9,38,85.1,41,187.4
Male,90.4,86.8,78.8,99.9,38,85.1,41,187.4
Male,91.5,88,80.8,102.1,38,85.1,41,187.4
Male,92.2,89.4,80.8,102.1,38.5,85.1,42.6,187.4
Male,93.7,90.8,80.8,102.1,38.5,85.1,42.6,187.4
Male,93.7,90.8,80.8,102.1,38.9,85.1,43.8,187.4
Male,95.9,91.8,80.8,102.1,38.9,85.1,44.8,187.4
Male,97.2,91.8,80.8,102.1,38.9,85.1,44.8,187.4
Male,97.7,92.8,80.8,102.1,38.9,85.1,44.8,187.4
Male,99.2,95.1,80.8,102.1,38.9,85.1,44.8,187.4
Male,100.3,95.5,80.8,102.1,38.9,85.1,45,187.4
Male,100.3,95.5,83.6,105.6,38.9,85.1,45,187.4
Male,101.4,96.7,83.6,105.6,38.9,85.1,45,187.4
Male,101.4,96.7,86.3,108.1,40.3,85.1,45,187.4
Male,103,97.9,86.3,108.1,40.3,85.1,46.8,187.4
Male,104.1,99.9,90.3,111.9,40.3,85.1,48.6,187.4
Male,105.2,101,90.3,111.9,41.3,85.1,50.2,187.4
Male,105.2,101,93.3,115.4,42.2,85.1,50.8,187.4
Male,105.2,101,95,115.4,43.4,85.1,51.6,187.4
Male,105.2,101,98.1,118.4,44.4,85.1,52.4,187.4
Male,106.3,101,94.2,120.4,44.4,85.1,54.1,187.4
Male,103.6,101,101.3,120.5,43.2,85.1,49.6,187.4
Male,102.3,99.5,107.6,120.5,40.6,85.1,49.6,187.4
Male,102.3,99.5,107.6,120.5,40.6,85.1,44.4,187.4
Male,102.3,99.5,110.4,120.5,38.8,85.1,42.6,187.4
Male,101.9,98.3,113,120.5,38.8,85.1,42.6,187.4
Female,107,98.1,108.8,119.5,40,88.7,41.8,186.3
Female,109.3,100.3,110,119.5,41.2,88.7,44.4,186.3
Female,110.9,100.3,111.9,120.5,41.8,88.7,45.4,186.3
Female,109.1,99.5,106,112.9,40.8,88.7,45.4,186.3
Female,106.9,96.5,106,112.9,40.8,88.7,45.4,186.3
Female,106.5,96.5,106,112.9,40.8,88.7,45.4,186.3
Female,105.8,98.3,106,112.9,40.3,88.7,44,186.3
Female,103.6,94,106,112.9,40.3,88.7,44,186.3
Female,103.6,94,110.4,116.5,41,88.7,43.2,186.3
Female,101.2,92.4,110.4,116.5,41,88.7,43.2,186.3
Female,98.8,90.6,110.4,116.5,41,88.7,42,186.3
Female,98.8,90.6,110.4,116.5,38.2,88.7,40,186.3
Female,95.9,87,110.4,116.5,37.4,88.7,38,186.3
Female,93.3,83.6,95.8,116.5,37.4,88.7,38,186.3
Female,91.5,83.6,91.8,116.5,36,88.7,37.2,186.3
Female,92.4,86.2,91.8,116.5,36,88.7,37.2,186.3
Female,93.7,83.8,91.8,116.5,36,88.7,37.2,186.3
Female,93.7,83.8,98.1,116.5,36,88.7,37.2,186.3
Female,88.9,83.8,98.1,116.5,36,88.7,37.2,186.3
Female,88.9,83.8,94.6,111.9,36,88.7,38.4,186.3
Female,87.6,76.8,94.6,111.9,36,88.7,38.4,186.3
Female,87.6,78.6,94.6,111.9,34.5,88.7,38.8,186.3
Female,87.6,78.6,91.4,106.4,34.5,88.7,37.8,186.3
Female,86.3,77.4,91.4,106.4,34.5,88.7,37.8,186.3
Female,84.7,74,85.5,101,34.5,88.7,37.8,186.3
Female,84.7,74,87.5,106.4,34.2,88.7,36.4,186.3
Female,81.9,74,80.8,101,32.7,88.7,36.4,186.3
Female,80.1,71.8,78.8,97.5,32.7,88.7,36,186.3
Female,82.1,75.8,79.2,93.4,31.6,88.7,37,186.3
Female,83.6,71.4,74.9,88,31.6,88.7,37,186.3
Female,79.7,72.5,64.5,86.2,29.9,69.8,32.2,159.1
Female,81.2,72.5,64.5,86.2,31.3,69.8,35.4,159.1
Female,83.4,76.6,67.8,91,32.3,69.8,37.2,159.1
Female,84.9,78.8,74.1,93.7,32.4,69.8,37.2,159.1
Female,86.3,80.6,77.2,95.8,32.4,69.8,37.2,159.1
Female,88.9,80.6,77.2,95.8,32.4,69.8,37.2,159.1
Female,89.6,82,77.2,95.8,33,69.8,38,159.1
Female,90.7,84,77.2,95.8,34.1,69.8,38.8,159.1
Female,92.4,86.2,81.2,99.9,34.1,69.8,40,159.1
Female,94.2,81.8,81.2,99.9,34.1,69.8,40,159.1
Female,95.5,82.2,86.3,102.4,35.8,69.8,40.8,159.1
Female,97.7,84.6,86.3,102.4,35.8,69.8,41.8,159.1
Female,99.4,88,86.3,102.4,37,69.8,42.8,159.1
Female,99.4,88,87.5,106.4,37.9,69.8,42.8,159.1
Female,101.2,88.8,87.5,106.4,37.9,69.8,42.8,159.1
Female,102.5,90.2,91,108.3,39,69.8,44.2,159.1
Female,103.9,91.4,95,108.3,39,69.8,44.2,159.1
Female,104.3,91.8,97.7,110.8,39.9,69.8,45,159.1
Female,105.9,93.4,101.7,114.6,40.6,69.8,45,159.1
Female,108.2,95.7,101.7,114.6,40.6,69.8,45,159.1
Female,109.8,96.9,104.4,118.1,40.6,69.8,45,159.1
Female,110.6,98.7,107.6,118.1,40.6,69.8,45,159.1
Female,111.7,100.3,109.6,118.1,40.6,69.8,45,159.1
Female,111.7,100.3,111.1,121,41.1,69.8,46.2,159.1
Female,113,101,113,121,41.1,69.8,46.8,159.1
Female,95.9,86.4,96.1,104.8,33.2,74,38,154.1
Female,98.8,90.2,96.1,108.1,33.2,74,40.4,154.1
Female,100.8,93.2,96.1,108.1,34.3,74,38.4,154.1
Female,102.1,95.9,99.3,111.9,34.3,74,41,154.1
Female,97.2,88,99.3,111.9,34.3,74,38.8,154.1
Female,94,82.4,94.2,104,34.3,74,38.8,154.1
Female,93.1,80.6,94.2,104,33.2,74,37.2,154.1
Female,91.1,79.4,94.2,104,33.2,74,37,154.1
Female,89.8,78.2,94.2,104,31.8,74,36,154.1
Female,87.1,75.6,88.7,99.4,31.8,74,36,154.1
Female,85.2,73.4,88.7,99.4,31.8,74,36,154.1
Female,85.2,73.4,83.6,94.8,31.2,74,36,154.1
Female,81.9,73.4,83.6,94.8,31.2,74,36,154.1
Female,81.9,73.4,79.6,94.8,31.2,74,34,154.1
Female,80.3,70.8,75.3,92,31.2,74,34,154.1
Female,80.3,70.8,70.2,87.2,29.7,74,32.4,154.1
Female,80.1,70.8,78.8,79,29,74,30.8,154.1
Female,80.1,70.8,76.5,79,29,74,36,154.1
Female,80.7,71.3,74.4,86.6,31,73.1,34.2,163.1
Female,83,71.3,74.4,86.6,31,73.1,34.2,163.1
Female,84.5,71.3,74.4,86.6,31,73.1,36,163.1
Female,85.8,71.3,74.4,86.6,31.7,73.1,36,163.1
Female,85.8,74.2,74.4,86.6,31.7,73.1,37.2,163.1
Female,87.4,76.2,75.7,88,31.7,73.1,38.4,163.1
Female,89.6,77.8,75.7,92.9,32.2,73.1,39.4,163.1
Female,91.1,79.2,79.2,94.8,32.4,73.1,39.4,163.1
Female,92.4,80.6,83.6,98.6,32.4,73.1,39.4,163.1
Female,94.4,82.6,83.6,98.6,32.4,73.1,40,163.1
Female,96.1,85,90.3,102.4,32.4,73.1,40,163.1
Female,97.5,86.5,90.3,105.9,33.7,73.1,40.8,163.1
Female,99.2,89.2,90.3,105.9,33.7,73.1,40.8,163.1
Female,101.2,89.4,95,105.9,33.7,73.1,42.4,163.1
Female,103,92.2,95,109.1,33.7,73.1,42.4,163.1
Female,105.6,95.1,102.9,109.1,34.5,73.1,42.8,163.1
Female,107.8,97.3,109.2,115.1,34.5,73.1,42.8,163.1
Female,109.3,99.5,113,118.1,34.5,73.1,43.6,163.1
Female,109.3,99.5,113,121,34.5,73.1,43.6,163.1
Female,110.9,99.5,113,121,36,73.1,43.6,163.1
Female,112.4,101,113,121,37.2,73.1,46,163.1
Female,113,101,113,121,38.6,73.1,47,163.1
Female,113,101,113,121,39.9,73.1,47,163.1
Female,113,101,113,121,41.1,73.1,47.8,163.1
Female,113,101,113,121,41.7,73.1,46.6,163.1
Male,89.5,85.9,78.1,97.7,38.7,82.3,36.9,188.1
Male,89.5,85.9,78.1,97.7,38.7,82.3,39.8,188.1
Male,89.5,85.9,78.1,97.7,38.7,82.3,41.2,188.1
Male,87.1,83,78.1,97.7,38.7,82.3,41.2,188.1
Male,85.4,80.6,73.3,94.8,37.7,82.3,39.4,188.1
Male,84.5,79.6,68.6,91.2,36.3,82.3,39.2,188.1
Male,83.6,77.2,65,88,35.5,82.3,38.4,188.1
Male,84.9,79.8,65,88,35.5,82.3,38.4,188.1
Male,83.6,78.6,65,88,34.2,82.3,36.4,188.1
Male,83.4,79.6,68.6,97.7,34.2,82.3,35.2,188.1
Male,85.8,81.2,68.6,97.7,34.2,82.3,35.2,188.1
Male,87.1,83.8,68.6,97.7,34.2,82.3,38.4,188.1
Male,89.8,86.4,68.6,97.7,34.2,82.3,38.4,188.1
Male,91.1,88.2,68.6,97.7,40,82.3,40.4,188.1
Male,91.1,88.2,73.3,97.7,40,82.3,40.4,188.1
Male,92.6,88.2,73.3,97.7,40,82.3,40.4,188.1
Male,92.6,88.2,77.2,103.2,40,82.3,40.4,188.1
Male,93.3,88.8,77.2,103.2,40,82.3,41,188.1
Male,93.3,88.8,80.8,107.2,40.7,82.3,41,188.1
Male,95.3,91.8,80.8,107.2,40.7,82.3,41,188.1
Male,95.3,91.8,84.3,107.2,40.7,82.3,43.2,188.1
Male,96.8,93.2,84.3,107.2,40.7,82.3,43.2,188.1
Male,96.8,93.2,87.5,111.3,40.7,82.3,43.2,188.1
Male,98.1,94.9,87.5,111.3,40.7,82.3,43.2,188.1
Male,99.4,94.9,87.5,111.3,40.7,82.3,44.6,188.1
Male,99.4,94.9,90.6,115.4,40.7,82.3,44.6,188.1
Male,99.4,94.9,90.6,115.4,41.9,82.3,45.4,188.1
Male,100.8,96.9,90.6,115.4,41.9,82.3,45.4,188.1
Male,100.8,96.9,93.9,119.2,43.3,82.3,46.2,188.1
Male,103,99.9,93.8,119.2,43.3,82.3,46.2,188.1
Male,104.3,101,97.4,119.2,44,82.3,46.2,188.1
Male,105.4,101,101.7,119.2,44,82.3,46.2,188.1
Male,103.8,101,101.7,119.2,44.7,82.3,48.4,188.1
Male,104.3,101,103.7,121,44.7,82.3,50,188.1
Male,104.3,101,106.8,121,44.7,82.3,50,188.1
Male,104.3,101,108.4,121,44.7,82.3,48,188.1
Male,104.3,101,112.3,121,44.7,82.3,43.6,188.1
Male,108.3,101,107.6,117.6,41.6,84.2,45.2,189.2
Male,104.7,101,107.6,117.6,41.6,84.2,48.4,189.2
Male,103.8,101,99.7,117.6,40.5,84.2,49.8,189.2
Male,103.8,101,99.7,117.6,40.5,84.2,46.6,189.2
Male,103,99.3,99.7,117.6,42.8,84.2,49.2,189.2
Male,103,99.3,94.2,114.6,42.8,84.2,49.2,189.2
Male,101.2,97.7,94.2,114.6,42.8,84.2,49.2,189.2
Male,101.2,97.7,91,112.4,42.8,84.2,49.2,189.2
Male,101.2,97.7,91,106.7,42.8,84.2,46.6,189.2
Male,99.2,95.5,91,106.7,42.8,84.2,46.6,189.2
Male,99.2,95.5,94.6,112.7,42.8,84.2,46.6,189.2
Male,97.7,93.4,88.3,112.7,42.8,84.2,49.2,189.2
Male,95.3,92,88.3,112.7,42.8,84.2,50.4,189.2
Male,93.7,90,88.3,112.7,41.1,84.2,48.4,189.2
Male,93.7,90,88.3,112.7,41.1,84.2,46.4,189.2
Male,91.5,88,88.3,112.7,38.6,84.2,46.4,189.2
Male,91.5,88,88.3,107,38.6,84.2,43.2,189.2
Male,88.5,85.6,88.3,107,40.7,84.2,40.4,189.2
Male,85.8,83.8,85.9,109.1,42.2,84.2,41,189.2
Male,84.5,82,85.9,109.1,43.5,84.2,42.2,189.2
Male,84.5,82,85.9,115.1,43.5,84.2,42.2,189.2
Male,83.2,80.2,79.2,115.1,43.5,84.2,42.2,189.2
Male,83.2,80.6,79.2,112.9,41,84.2,42.2,189.2
Male,81.6,79,79.2,103.2,37.6,84.2,39.6,189.2
Male,81.6,79,79.2,99.9,36.1,84.2,37,189.2
Male,83,80.6,79.2,99.9,38.6,84.2,37,189.2
Male,84.1,82.4,82.4,99.9,38.6,84.2,35.4,189.2
Male,84.1,82.4,86.7,106.4,38.6,84.2,35.4,189.2
Male,85.6,84.6,86.7,106.4,40.6,84.2,37.2,189.2
Male,85.6,83.4,91,110,40.6,84.2,37.2,189.2
Male,84.1,82.2,80.8,103.2,38.6,84.2,37.2,189.2
Male,84.1,82.2,80.8,99.1,38.6,84.2,37.2,189.2
Male,83.2,79.6,80.8,99.1,38.6,84.2,37.2,189.2
Male,81.4,79.6,80.8,99.1,38.6,84.2,37.2,189.2
Male,81.4,79.6,80.8,93.7,37.3,84.2,35.6,189.2
Male,81.4,79.6,76.9,97.7,35,84.2,33.8,189.2
Male,81.4,79.6,76.9,97.7,35,84.2,38,189.2
Male,84.2,80.6,69.9,93.8,36.6,85.5,36.2,188.8
Male,85.4,83,72.9,93.8,37.8,85.5,37.8,188.8
Male,86.9,84,76.1,99.4,37.8,85.5,37.8,188.8
Male,88.5,85.8,76.1,99.4,37.8,85.5,37.8,188.8
Male,89.3,86.8,79.6,102.9,37.8,85.5,37.8,188.8
Male,90.7,88.8,79.6,102.9,39.7,85.5,39.6,188.8
Male,91.8,88,79.6,102.9,39.7,85.5,39.6,188.8
Male,91.8,88,82,104.8,39.7,85.5,39.6,188.8
Male,94,90.6,82,104.8,39.7,85.5,42.8,188.8
Male,95.7,91.8,84.7,107.5,41.1,85.5,44.8,188.8
Male,96.8,94.2,87.5,111.3,41.1,85.5,44.8,188.8
Male,98.3,95.5,89.9,111.3,41.1,85.5,44.8,188.8
Male,99.7,95.9,89.9,111.3,41.1,85.5,44.8,188.8
Male,99.7,95.9,89.9,111.3,41.1,85.5,47,188.8
Male,99.7,95.9,89.9,111.3,42.3,85.5,47,188.8
Male,100.8,97.3,89.9,111.3,42.3,85.5,47,188.8
Male,102.5,99.3,89.9,111.3,42.3,85.5,48.4,188.8
Male,104.1,100.7,89.9,111.3,42.3,85.5,48.4,188.8
Male,105.6,101,89.9,111.3,41.5,85.5,50.6,188.8
Male,105.6,101,92.6,115.1,41.5,85.5,50.6,188.8
Male,105.6,101,95.8,119.5,43.3,85.5,52.6,188.8
Male,104.9,101,99.7,121,44.3,85.5,53.6,188.8
Male,104.9,101,106,121,42.3,85.5,50.4,188.8
Male,104.9,101,108.8,121,43.7,85.5,51.4,188.8
Male,105.6,101,111.5,121,44.6,85.5,50.6,188.8
Male,105.6,101,111.5,121,45,85.5,47.6,188.8
Female,81.2,72.3,75,87.6,31.1,75.8,36.2,164.2
Female,81.4,73.8,75,87.6,31.1,75.8,36.2,164.2
Female,83.6,76.2,75,87.6,31.1,75.8,36.2,164.2
Female,83.6,76.2,75,91.6,31.1,75.8,36.2,164.2
Female,85.4,77.4,75,91.6,31.1,75.8,37,164.2
Female,85.4,77.4,75,91.6,32,75.8,37.4,164.2
Female,85.4,77.4,75,91.6,32.5,75.8,37.4,164.2
Female,86.3,78.2,75,91.6,32.5,75.8,38.8,164.2
Female,87.8,80.8,80.8,94.2,32.5,75.8,39.4,164.2
Female,87.8,80.8,80.8,98.8,32.5,75.8,39.4,164.2
Female,87.8,80.8,86.3,98.8,33.5,75.8,39.4,164.2
Female,87.8,80.8,86.3,98.8,34.1,75.8,39.4,164.2
Female,89.3,82,86.3,98.8,34.1,75.8,39.4,164.2
Female,90.7,83.6,86.3,98.8,34.1,75.8,39.4,164.2
Female,90.7,83.6,86.3,102.4,34.1,75.8,39.4,164.2
Female,90.7,83.6,86.3,102.4,35.1,75.8,39.8,164.2
Female,92.9,85.2,86.3,102.4,35.1,75.8,38.4,164.2
Female,94.8,86.4,86.3,102.4,35.5,75.9,38.4,164.2
Female,94.8,86.4,89.1,103.2,36.2,75.9,38.4,164.2
Female,96.4,87.8,89.1,103.2,36.2,75.9,38.4,164.2
Female,96.4,87.8,92.2,105.3,36.2,75.9,38.4,164.2
Female,97.9,88.6,92.2,105.3,36.2,75.9,38.4,164.2
Female,99.4,89.6,92.2,105.3,36.2,75.9,38.4,164.2
Female,99.4,89.6,95,106.7,36.2,75.9,38.4,164.2
Female,100.8,92.6,97.7,108.3,36.6,75.9,39.4,164.2
Female,103,94.2,99.7,109.7,37.1,75.9,40.4,164.2
Female,103,94.2,102.5,111.9,37.1,75.9,40.4,164.2
Female,104.1,95.5,102.5,111.9,38.6,75.9,42.4,164.2
Female,105.8,96.3,102.5,111.9,38.6,75.9,42.4,164.2
Female,107.6,97.9,105.6,114,38.6,75.9,42.4,164.2
Female,107.6,97.9,107.2,117.3,38.6,75.9,42.4,164.2
Female,110,100.9,105.6,114.6,39.2,75.9,44.2,164.2
Female,110,100.9,109.2,119.5,39.2,75.9,44.2,164.2
Female,110.9,100.9,113.2,119.5,39.2,75.9,45.2,164.2
Female,111.1,100.9,113,119.5,40.6,75.9,45.2,164.2
Female,111.1,100.9,113,119.5,41.6,75.9,45.6,164.2
Female,112.6,100.9,113,119.5,41.6,75.9,45.6,164.2
Female,111.7,100.9,112.3,120.5,39,78,42.4,166
Female,110.4,99.9,112.3,120.8,39,78,42.4,166
Female,109.1,98.3,112.3,120.8,39,78,42.4,166
Female,108.5,97.3,112.3,120.8,39,78,42.4,166
Female,107.4,97.3,112.3,120.8,39,78,42.4,166
Female,106.5,96.3,112.3,120.8,39,78,42.4,166
Female,106.3,96.3,112.3,120.8,39,78,42.4,166
Female,104.9,96.3,112.3,120.8,39,78,42.4,166
Female,104.9,94.9,110,118.1,39,78,42.4,166
Female,103.2,94.9,110,118.1,39,78,42.4,166
Female,103.2,94,110,118.1,39,78,42.4,166
Female,101,91.8,110,118.1,39,78,42.4,166
Female,99.9,91,106,114,39,78,41.4,166
Female,98.8,88.6,106,114,39,78,41.4,166
Female,97.7,88.6,106,114,37.3,78,39.6,166
Female,97.7,88.6,101.3,110.5,37.3,78,39.6,166
Female,96.1,86.8,101.3,110.5,37.3,78,39.6,166
Female,94.8,85.4,101.3,110.5,37.3,78,39.6,166
Female,93.3,83.4,97,110.5,37.3,78,39.6,166
Female,91.8,82,97,107.5,36.6,78,39.6,166
Female,91.8,82,91.4,107.5,36.6,78,39.6,166
Female,90.4,81.2,93,103.2,35.3,78,39.6,166
Female,89.3,79.6,93,100.2,35.3,78,39.6,166
Female,88,79.6,93,100.2,35.3,78,39.6,166
Female,88,79.6,93,100.2,34.3,78,38.4,166
Female,88,79.6,90.3,100.2,34.3,78,38.4,166
Female,88,79.6,85.9,96.9,34.3,78,37.6,166
Female,86.3,77.4,85.9,96.9,34.2,78,37.6,166
Female,85.4,78.4,85.9,96.9,33.3,78,37.6,166
Female,83.8,75.8,85.9,96.9,32.6,78,36.2,166
Female,82.7,74.2,80.8,93.4,32,78,35.8,166
Female,81.9,71.6,84.3,89.9,31.6,78,35.8,166
Female,81.9,71.6,78,87.4,31.6,78,35.8,166
Female,80.1,71.6,73.3,87.4,30.9,78,34.8,166
Female,80.1,71.6,86.3,96.1,29.2,78,34,166
Female,80.1,71.6,80,94.2,29.2,78,34,166
Female,81.9,75.8,91.4,98.3,29.2,78,33.2,166
Female,86.7,76.6,91.4,100.5,29.2,78,33.2,166
Female,88.5,79.8,95,104.8,29.2,78,35.2,166
Female,80.8,72.8,77.2,87.2,29.2,78,34,166
Female,79.7,72.8,77.2,87.2,29.2,78,34,166
Female,79.7,72.2,77.6,85.3,29.2,78,34,166
Female,79,71.8,75.7,85.3,29.2,78,35,166
Female,79,71.8,74.1,80.9,29.2,78,35,166
Female,79,71.8,69.4,80.9,29.2,78,35,166
Female,79,70,69.4,80.9,29.2,78,35,166
Male,84.4,80.7,70.1,94,36.6,85.7,35.1,189.2
Male,82.7,79.6,70.1,94,36.6,85.7,35.1,189.2
Male,83.4,81.2,74.1,95.6,36.6,85.7,36,189.2
Male,82.1,77.8,74.1,95.6,36.6,85.7,36,189.2
Male,81,76.4,74.1,93.9,34.8,85.7,34.6,189.2
Male,81,76.4,66.6,91,33.5,85.7,34,189.2
Male,85.2,81.4,70.1,94,36.6,85.7,35.1,189.2
Male,86.3,82.8,70.1,94,36.6,85.7,35.1,189.2
Male,86.3,82.8,70.1,94,36.6,85.7,37.8,189.2
Male,87.4,84.2,70.1,94,36.6,85.7,37.8,189.2
Male,88.9,84.2,70.1,94,38,85.7,40,189.2
Male,90,85.4,70.1,94,38,85.7,40,189.2
Male,90.9,85.4,70.1,94,38,85.7,40,189.2
Male,90.9,85.4,70.1,94,38.9,85.7,40.4,189.2
Male,92,86.6,70.1,94,38.9,85.7,40.4,189.2
Male,94,89.4,70.1,94,38.9,85.7,40.4,189.2
Male,95,89.4,70.1,94,38.9,85.7,40.4,189.2
Male,95,89.4,70.1,94,39.9,85.7,42.2,189.2
Male,95.9,91.4,72.9,98,41.3,85.7,43.4,189.2
Male,96.8,91.6,76.5,98.8,41.3,85.7,43.4,189.2
Male,97.9,93.2,76.5,98.8,41.3,85.7,43.4,189.2
Male,97.9,93.2,81.2,105.3,41.3,85.7,43.4,189.2
Male,99.7,95.1,81.2,105.3,41.3,85.7,43.4,189.2
Male,99.7,95.1,85.5,105.3,41.3,85.7,43.4,189.2
Male,99.7,95.1,85.5,107.7,41.9,85.7,45,189.2
Male,100.3,96.5,85.5,107.7,41.9,85.7,45,189.2
Male,100.3,96.5,85.5,110.5,42.9,85.7,45,189.2
Male,101.9,97.7,85.5,110.5,42.9,85.7,45,189.2
Male,101.9,97.7,87.9,113.8,44,85.7,46,189.2
Male,103.6,99.1,87.9,113.8,45,85.7,46,189.2
Male,103.6,99.1,91,113.8,45,85.7,46,189.2
Male,103.6,99.1,94.2,117.3,45,85.7,46,189.2
Male,103.6,99.1,94.2,118.4,45,85.7,47.6,189.2
Male,104.5,100.7,94.2,118.4,45,85.7,47.6,189.2
Male,104.5,101,97,120.5,45,85.7,47.6,189.2
Male,104.5,101,101.3,120.5,45,85.7,45,189.2
Male,105.2,101,104.8,121,45,86.1,45,189.2
Male,105.2,101,111.1,121,45,86.1,45,189.2
Male,84.2,80.5,69.6,94.2,36.6,86.2,38.4,190
Male,83,79,69.6,94.2,36.6,86.2,38.4,190
Male,80.8,77.4,67,94.2,35.1,86.2,37.2,190
Male,80.8,77.4,64.6,92.6,35.1,86.2,36.2,190
Male,79.5,75.8,64.6,92.6,35.1,86.2,36.2,190
Male,79.5,75.8,69.8,92,35.1,86.2,36.2,190
Male,79.5,75.8,69.8,88.8,35.1,86.2,36.2,190
Male,82.1,79,71.3,85,33.7,86.2,35.4,190
Male,86.6,82.9,74.6,96.4,37,86.7,36.5,190
Male,87.6,83.8,74.6,96.4,37,86.7,37,190
Male,89.6,85.8,74.6,96.4,37,86.7,38,190
Male,89.6,85.8,77.6,98.4,37,86.7,38,190
Male,89.6,85.8,80.4,101.3,37,86.7,38,190
Male,90,87.6,80.4,101.3,37,86.7,38,190
Male,90,87.6,83.6,104,37,86.7,38,190
Male,90,87.6,83.6,104,37.8,86.7,40.2,190
Male,92,89.8,83.6,104,38.4,86.7,42.4,190
Male,93.5,91,83.6,104,38.4,86.7,42.4,190
Male,93.5,91,86.7,108.3,38.4,86.7,42.4,190
Male,94.4,91,86.7,108.3,38.4,86.7,42.4,190
Male,94.4,91,89.9,110.8,38.4,86.7,42.4,190
Male,96.4,94,89.9,110.8,38.7,86.7,42.4,190
Male,96.4,94,89.9,110.8,38.7,86.7,44.2,190
Male,98.1,94,89.9,110.8,38.7,86.7,44.2,190
Male,98.1,94,92.2,110.8,39.7,86.7,45,190
Male,98.1,94,93.8,113.8,39.7,86.7,45,190
Male,99,96.3,93.8,113.8,39.7,86.7,45,190
Male,100.8,98.7,93.8,113.8,40.7,86.7,46.8,190
Male,102.7,100.5,93.8,113.8,40.7,86.7,46.8,190
Male,102.7,100.5,95.8,116.2,41.3,86.7,48.4,190
Male,103.8,101,98.1,117.8,41.3,86.7,48.4,190
Male,103.8,101,98.1,117.8,42.2,86.7,48.4,190
Male,103.8,101,101.3,117.8,42.8,86.7,49.2,190
Male,103.6,101,101.3,117.8,44.4,86.7,50,190
Male,103.6,101,104.1,119.5,44.4,86.7,47.2,190
Male,103.6,101,107.6,119.5,43.5,86.7,46,190
Male,103.6,101,110.8,119.5,43.5,86.7,46,190
Male,103.6,101,110.8,121,43.5,86.7,46,190
Male,103.6,101,110.8,121,41.3,86.7,45,190
Male,90.6,86.7,81.2,95.2,38.5,77.1,37.7,174
Male,79.2,76.7,61.9,85.2,33.5,77.1,34.5,174
Male,80.8,76.6,61.9,85.2,33.5,77.1,34.5,174
Male,80.8,76.6,61.9,85.2,35,77.1,34.8,174
Male,80.8,76.6,68.2,88.8,35,77.1,34.8,174
Male,82.5,79,68.2,88.8,35,77.1,34.8,174
Male,82.5,79,71.7,92.3,35,77.1,34.8,174
Male,82.5,79,73.3,93.9,35,77.1,34.8,174
Male,82.5,79,73.3,93.9,35,77.1,36.4,174
Male,83.8,82,73.3,93.9,36.6,77.1,36.4,174
Male,85.2,83,73.3,93.9,36.6,77.1,38,174
Male,86.9,83,73.3,93.9,36.6,77.1,38,174
Male,86.9,83,73.3,93.9,37.4,77.1,39,174
Male,86.9,83,76.1,93.9,37.4,77.1,39,174
Male,87.6,83.2,76.1,93.9,37.4,77.1,39,174
Male,87.6,83.2,77.6,95.8,37.4,77.1,39,174
Male,87.6,83.2,77.6,95.8,38.2,77.1,39,174
Male,87.6,84.2,81.6,97.7,38.4,77.1,40.4,174
Male,87.6,84.2,81.6,100.5,38.4,77.1,40.4,174
Male,87.6,84.2,81.6,100.5,39,77.1,41.6,174
Male,88.9,86.2,81.6,100.5,39,77.1,41.6,174
Male,90.4,88,81.6,100.5,39.8,77.1,41.6,174
Male,92.2,88.8,81.6,100.5,39.8,77.1,41.6,174
Male,92.2,88.8,83.6,104.3,39.8,77.1,41.6,174
Male,93.7,91,83.6,104.3,40.4,77.1,42.8,174
Male,93.7,91,88.6,108.6,40.4,77.1,42.8,174
Male,95,93.2,88.7,108.6,41.1,77.1,43.6,174
Male,95.9,93.2,88.7,108.6,41.1,77.1,43.6,174
Male,97,95.9,94.2,111.9,42.2,77.1,44.6,174
Male,97,95.9,95.8,114,42.2,77.1,43.6,174
Male,98.6,98.7,95.8,115.1,44,77.1,44.4,174
Male,100.1,98.7,95.8,115.1,44,77.1,44.4,174
Male,102.1,99.9,95.8,115.1,44,77.1,44.4,174
Male,102.1,99.9,98.5,115.1,44,77.1,44.4,174
Male,102.1,99.9,100.5,117.3,44,77.1,44.4,174
Male,102.1,99.9,100.5,117.3,44,77.1,46.4,174
Male,103.8,99.9,100.5,117.3,44,77.1,46.4,174
Male,102.3,97.7,101.6,110.9,38.5,78.3,45.2,174
Male,103.4,99.1,104.4,112.9,39.7,78.3,45.2,174
Male,104.7,101,104.4,112.9,42.3,78.3,45.2,174
Female,81.9,74.2,72.8,91.1,31.4,76.6,36,167.1
Female,83.6,75.6,72.8,91.1,31.4,76.6,36,167.1
Female,83.6,75.6,72.8,92.3,31.4,76.6,36,167.1
Female,83.6,75.6,72.8,92.3,32,76.6,37.2,167.1
Female,85.2,77.4,75.3,92.3,32,76.6,37.2,167.1
Female,85.2,77.4,75.3,92.3,32.4,76.6,37.6,167.1
Female,88,78.8,75.3,92.3,32.4,76.6,37.6,167.1
Female,88,79,75.3,92.3,32.4,76.6,38.6,167.1
Female,89.8,79.8,75.3,93.4,33.2,76.6,38.6,167.1
Female,91.3,80.6,75.3,93.4,33.8,76.6,39.2,167.1
Female,91.3,80.6,80.8,95.8,33.8,76.6,39.2,167.1
Female,91.3,80.6,80.8,98.3,33.8,76.6,40.2,167.1
Female,92.4,81,80.8,98.3,33.8,76.6,40.2,167.1
Female,92.4,81,80.8,98.3,34.7,76.6,41.2,167.1
Female,92.4,81,80.8,98.3,35.3,76.6,41.2,167.1
Female,93.7,82.4,80.8,98.3,35.3,76.6,41.2,167.1
Female,93.7,82.4,80.8,98.8,35.7,76.6,42,167.1
Female,95.5,83,80.8,98.8,35.7,76.6,42,167.1
Female,95.5,84.4,89.5,98.8,35.7,76.6,42,167.1
Female,95.5,84.4,89.5,98.8,36.8,76.6,42,167.1
Female,95.7,85.6,89.5,98.8,36.8,76.6,42,167.1
Female,97,85.4,89.5,98.8,36.8,76.6,42,167.1
Female,97.9,85.4,89.5,100.7,36.8,76.6,42,167.1
Female,97.9,85.4,89.5,100.7,37.5,76.6,42.8,167.1
Female,97.9,85.4,93.4,100.7,37.5,76.6,42.8,167.1
Female,98.6,86.4,93.4,100.7,37.5,76.6,42.8,167.1
Female,99.9,87.8,93.4,100.7,37.5,76.6,42.8,167.1
Female,99.9,87.8,93.4,104,37.5,76.6,42.8,167.1
Female,99.9,87.8,93.4,104,38.1,76.6,43.4,167.1
Female,101,88.6,93.4,104,38.1,76.6,43.4,167.1
Female,101,88.6,93.4,106.4,38.1,76.6,43.4,167.1
Female,102.3,90.4,93.4,106.4,38.1,76.6,43.4,167.1
Female,102.3,90.4,93.4,108.6,38.5,76.6,42.4,167.1
Female,103,90.8,99.4,108.6,38.5,76.6,42.4,167.1
Female,103,90.8,99.7,108.6,39.1,76.6,42.8,167.1
Female,104.7,90.8,99.7,108.6,40,76.6,43.6,167.1
Female,105.7,92.6,99.7,108.6,40,76.6,43.6,167.1
Female,105.6,92.6,99.7,111.9,40,76.6,43.6,167.1
Female,106.9,95.3,99.7,111.9,40,76.6,43.6,167.1
Female,106.9,95.3,99.7,111.9,40.9,76.6,43.6,167.1
Female,108.2,95.7,99.7,111.9,40.9,76.6,43.6,167.1
Female,110,97.7,99.7,111.9,42.3,76.6,45.6,167.1
Female,110,97.7,102.9,112.9,42.3,76.6,45.6,167.1
Female,110,97.7,102.9,117.3,42.3,76.6,45.6,167.1
Female,111.7,99.9,102.9,117.3,43.4,76.6,46.4,167.1
Female,111.7,99.9,106.4,117.3,43.4,76.6,46.4,167.1
Female,111.7,99.9,106.4,117.3,44.4,76.6,47.2,167.1
Female,111.7,99.9,110.8,117.3,44.4,76.6,47.2,167.1
Female,111.7,99.9,110.8,119.5,44.4,76.6,47.2,167.1
Female,112.6,100.3,112.3,120.8,44.9,76.6,47,167.1
Female,112.6,101,113,120.8,44.9,76.6,46.2,167.1
Female,84.5,77,68.5,91.6,31.7,74.1,36,169.3
Female,85.4,78.2,68.5,91.6,31.7,74.1,36.8,169.3
Female,86,75.2,68.5,91.6,31.7,74.1,36.8,169.3
Female,86.9,76.8,76.8,91.6,31.7,74.1,36.8,169.3
Female,88.7,79.8,85.5,91.6,33.7,74.1,39,169.3
Female,90.4,79.2,85.5,91.6,33.7,74.1,39,169.3
Female,90.4,79.2,85.5,91.6,34.7,74.1,41,169.3
Female,92,80.2,85.5,91.6,35.7,74.1,41.8,169.3
Female,91,80.7,83.3,95.6,34.4,74.5,39,169.3
Female,94,82.4,88.7,101,35.3,74.5,39.8,169.3
Female,96.1,83,88.7,105.3,35.3,74.5,39.8,169.3
Female,96.1,83,92.6,105.3,35.3,74.5,39.8,169.3
Female,97.5,84.8,92.6,105.3,35.3,74.5,39.8,169.3
Female,97.5,84.8,92.6,107.5,35.3,74.5,39.8,169.3
Female,99.2,87.6,92.6,107.5,36.1,74.5,42,169.3
Female,100.5,88.8,92.6,107.5,36.8,74.5,42,169.3
Female,101.6,90.2,97,107.5,36.8,74.5,42,169.3
Female,103,92,97,107.5,36.8,74.5,42,169.3
Female,105.2,93,97,107.5,37.8,74.5,42.8,169.3
Female,106.5,95.1,102.9,111.9,37.8,74.5,42.8,169.3
Female,106.5,95.1,102.9,115.7,37.8,74.5,42.8,169.3
Female,108.2,97.7,102.9,115.7,37.8,74.5,42.8,169.3
Female,108.2,97.7,102.9,115.7,39.9,74.5,44.2,169.3
Female,110.6,100.7,109.2,115.7,41.6,74.5,45.8,169.3
Female,112,100.7,110,119.7,41.6,74.5,45.8,169.3
Female,113,100.7,110,119.7,43,74.5,45.8,169.3
Female,113,100.7,113,119.7,43,74.5,45.8,169.3
Female,113,100.7,113,121,43,74.5,45.8,169.3
Female,113,101,113,121,43.4,74.5,46,169.3
Female,92.2,80.6,80.2,103,33.4,76.3,38,168
Female,92.2,81,80,103,33,77,38,168
Female,92.2,81,80,95.6,33,77,38,168
Female,92.2,81,80.8,92.6,33,77,38,168
Female,92.2,81,85.5,90.1,33,77,38.6,168
Female,92.2,81,85.5,107.5,33,75.3,38.6,168
Female,90.4,80.6,80.2,92.3,33.4,76.3,36.6,168
Female,90.4,80.6,80.2,92.3,33.4,78.2,36.6,168
Female,92.2,82.8,80.2,92.3,33.4,78.2,36.6,168
Female,92.2,82.8,80.2,92.3,36.3,79.9,37.4,168
Female,92.2,82.8,87.1,92.3,36.3,79.9,38,168
Female,94,86.4,94.2,97.7,36.3,79.9,38.2,168
Female,96.6,89.2,94.2,100.5,36.8,79.9,39.2,168
Female,97.9,87,94.2,100.5,36.8,79.9,39.2,168
Female,98.6,86,94.2,100.5,36.8,79.9,39.2,168
Female,98.6,86,98.1,100.5,36.8,79.9,39.2,168
Female,98.6,86,98.1,94.5,36.8,79.9,39.2,168
Female,98.6,86,98.1,102.1,36.8,79.9,39.2,168
Female,98.6,86,98.1,102.1,37.8,79.9,39.2,168
Female,94.6,82.2,91.4,97.5,37.8,79.9,39.2,168
Female,94.6,82.2,84.7,91.2,34.5,79.7,37.2,168
Female,92.2,79,84.7,91.2,34.5,79.7,37.2,168
Female,92.2,79,79.6,88.2,32.5,79.7,35,168
Female,85.4,79,79.6,88.2,32.5,79.7,36.4,168
Female,84.1,75,79.6,83.9,32.5,79.7,36.4,168
Female,82.5,75,79.6,83.9,31.8,79.7,36.4,168
Female,82.5,75,79.6,86.9,31.8,79.7,36.4,168
Female,81.4,75.8,79.6,86.9,31.8,79.7,36.4,168
Female,84.3,75.8,79.6,86.9,31.8,79.7,36.4,168
Female,85.8,74.6,79.6,88.8,31.8,79.7,36.4,168
Female,85.8,74.6,79.6,84.7,31.1,79.7,35.8,168
Male,104.9,101,110.4,118.4,45,79.6,46.8,176.9
Male,106,101,110.4,118.4,45,79.6,46.8,176.9
Male,104.5,101,112.3,121,45,79.6,46.8,176.9
Male,104.5,101,112.3,118.9,45,77.2,44.8,176
Male,104.9,101,110,117.3,45,77.2,44.8,176
Male,104.9,101,107.6,115.9,45,77.2,44.8,176
Male,104.7,101,107.6,115.9,45,77.2,44.8,176
Male,103.2,101,107.6,115.9,45,77.2,44.8,176
Male,103.2,101,107.6,119.2,45,77.2,44.8,176
Male,103.2,101,107.6,119.2,45,77.2,47.6,176
Male,104.3,101,107.6,119.2,45,77.2,47.6,176
Male,102.7,98.9,107.6,119.2,45,77.2,47.6,176
Male,102.7,98.9,104.4,121,45,77.2,47.6,176
Male,102.7,98.9,104.4,121,45,80.1,47.6,176
Male,100.3,97.5,104.4,121,41.8,80.1,48.6,176
Male,97,93.6,99.7,115.1,39.3,80.1,48.6,176
Male,97,93.6,96.2,115.1,39.3,80.1,48.6,176
Male,97,93.6,96.2,115.1,40.6,80.1,48.6,176
Male,94.4,91,96.2,112.7,40.6,80.1,48.6,176
Male,94.4,91,96.2,115.1,40.6,80.1,48.6,176
Male,94.4,91,96.2,112.7,40.6,80.1,46.6,176
Male,94.4,91,92.2,112.7,40,80.1,44.6,176
Male,93.3,89.4,92.2,112.7,40,80.1,44.6,176
Male,93.3,89.4,84.7,107.2,40,80.1,44.6,176
Male,92.2,87.2,84.7,107.2,40,80.1,44.6,176
Male,92.2,87.2,84.7,107.2,42.9,80.1,42,176
Male,92.9,90.6,91.4,110.8,42.9,80.1,42,176
Male,89.8,87.2,91.4,110.8,42.9,80.1,42,176
Male,89.8,87.2,91.4,110.8,42.9,78.6,42,176
Male,89.8,87.2,96.2,110.8,42.9,78.6,42,176
Male,87.4,86.2,96.2,110.8,42.9,78.6,42,176
Male,87.4,86.2,96.2,110.8,40.6,78.6,40.2,176
Male,87.4,86.2,87.9,105.3,39.9,78.6,38.8,176
Male,87.4,86.2,83.6,95.6,39.9,78.6,38.8,176
Male,87.4,84.2,83.6,95.6,39.9,78.6,38.8,176
Male,86.3,82.4,83.6,95.6,39.9,78.6,37.2,176
Male,84.5,82.4,83.6,95.6,39.9,78.6,37.2,176
Male,84.5,80.6,81.2,95.6,38.6,78.6,37.2,176
Male,84.5,80.6,77.6,91.2,38.6,78.6,34.8,176
Female,87,77.2,70,87,32,80,40,177
Female,87,77.2,70,87,33.1,80,42,177
Female,87,77.2,70,92,32.8,80,41,177
Female,88.9,78.6,73.7,87.4,33.8,80,40.8,177
Female,88.9,78.6,73.7,89.9,33.8,80,40.8,177
Female,91.5,80.8,73.7,89.9,33.8,80,40.8,177
Female,91.5,80.8,82.4,88.2,35.2,80,39.6,177
Female,104.1,87.8,89.3,113.5,36,83.8,45,182
Female,104.1,87.8,89.3,109.7,36.1,83.8,42,182
Female,104.1,87.8,89.3,105.3,36.1,83.8,43.8,182
Female,101.6,87.8,89.3,105.3,36.1,83.8,43.8,182
Female,99.7,87.8,89.3,105.3,36.1,83.8,43.8,182
Female,97.7,86,89.3,105.3,36.1,83.8,43.8,182
Female,97.7,86,97,105.3,36.1,83.8,43.8,182
Female,97.7,86,99.7,109.7,36.1,83.8,43.8,182
Female,97.7,86,99.7,109.7,37,83.8,44.4,182
Female,97.7,87.7,99.7,109.7,37,83.8,44.4,182
Female,86,75,75,83.1,33,80.9,40.6,174
Female,86,76.4,80,85.3,33,80.9,40.6,174
Female,87.1,78,83.9,89.1,33,80.9,40.6,174
Female,88.2,80.8,83.9,89.1,33,80.9,40.6,174